orig_ip,resp_ip,resp_port,proto,service,orig_bytes,orig_packets,resp_bytes,resp_packets,invel_bpp,actual_label,predicted_label,threat_type
192.168.1.173,10.0.0.196,8080,TCP,https,1676,94,1211,11,0.806392455,1,1,True Threat
192.168.1.48,10.0.0.173,443,UDP,http,5795,85,4984,68,0.651658557,1,1,True Threat
192.168.1.118,10.0.0.212,8080,TCP,http,1168,73,5013,5,0.487622223,1,1,False Threat
192.168.1.252,10.0.0.1,8080,TCP,dns,6140,23,6150,53,0.96986059,0,1,False Threat
192.168.1.10,10.0.0.135,53,TCP,https,5611,40,4361,6,0.064880768,1,1,True Threat
192.168.1.37,10.0.0.199,80,UDP,dns,909,99,6159,13,0.863172343,1,1,True Threat
192.168.1.88,10.0.0.148,443,UDP,http,5126,81,9436,8,0.909716538,0,1,False Threat
192.168.1.71,10.0.0.163,80,TCP,dns,1298,14,8721,57,0.934819758,1,1,True Threat
192.168.1.141,10.0.0.103,53,UDP,http,1880,14,6441,11,0.733211101,1,1,False Threat
192.168.1.59,10.0.0.21,53,UDP,http,6824,34,1679,31,0.3404175,1,1,False Threat
192.168.1.194,10.0.0.172,443,TCP,https,403,27,9698,4,0.92889974,0,1,True Threat
192.168.1.231,10.0.0.119,80,UDP,dns,2667,78,635,99,0.137422722,0,1,True Threat
192.168.1.175,10.0.0.110,8080,TCP,https,9402,88,2068,44,0.890277467,0,1,False Threat
192.168.1.89,10.0.0.106,8080,UDP,dns,119,86,2955,17,0.642424602,1,1,True Threat
192.168.1.82,10.0.0.195,443,TCP,https,3679,92,5836,40,0.385106023,1,1,False Threat
192.168.1.73,10.0.0.119,80,TCP,https,8057,83,7140,8,0.395205619,1,1,True Threat
192.168.1.244,10.0.0.39,443,TCP,http,7593,14,3704,69,0.405109285,1,1,False Threat
192.168.1.198,10.0.0.2,8080,UDP,dns,3923,21,3434,96,0.061338005,0,1,True Threat
192.168.1.176,10.0.0.7,443,UDP,https,2821,36,1341,50,0.653743416,1,1,True Threat
192.168.1.193,10.0.0.126,80,TCP,https,5323,75,2386,10,0.694843641,0,1,True Threat
192.168.1.83,10.0.0.7,80,TCP,https,2909,36,3569,10,0.179904007,1,1,True Threat
192.168.1.244,10.0.0.115,80,UDP,dns,8758,34,9875,49,0.279106577,0,1,False Threat
192.168.1.148,10.0.0.127,80,UDP,http,2577,1,4750,9,0.308126964,0,1,False Threat
192.168.1.148,10.0.0.115,53,TCP,dns,9548,32,9463,25,0.390791202,0,1,False Threat
192.168.1.168,10.0.0.52,443,UDP,http,8424,46,858,10,0.130663666,1,1,False Threat
192.168.1.194,10.0.0.77,80,TCP,http,590,22,1592,9,0.749757692,0,1,False Threat
192.168.1.186,10.0.0.10,80,TCP,dns,1177,81,1587,74,0.059507567,0,1,False Threat
192.168.1.128,10.0.0.116,8080,UDP,http,2105,13,8288,58,0.811072536,0,1,True Threat
192.168.1.33,10.0.0.201,443,UDP,dns,806,73,8040,2,0.524194344,0,1,True Threat
192.168.1.245,10.0.0.182,80,TCP,dns,4604,10,1444,59,0.078442222,1,1,True Threat
192.168.1.164,10.0.0.194,53,UDP,http,9041,50,9739,79,0.442079347,0,1,False Threat
192.168.1.204,10.0.0.44,443,UDP,https,9331,64,5494,55,0.188461572,0,1,False Threat
192.168.1.35,10.0.0.48,80,UDP,http,2508,55,2488,70,0.648814903,1,1,False Threat
192.168.1.129,10.0.0.77,443,TCP,https,7871,85,3777,8,0.889148049,0,1,False Threat
192.168.1.165,10.0.0.121,8080,TCP,dns,8944,39,9034,16,0.385472177,1,1,False Threat
192.168.1.233,10.0.0.223,443,UDP,dns,9280,27,2593,51,0.080268227,1,1,False Threat
192.168.1.245,10.0.0.93,80,TCP,https,4569,47,2420,4,0.102939167,0,1,True Threat
192.168.1.18,10.0.0.237,8080,UDP,dns,7953,19,3534,50,0.662429206,1,1,False Threat
192.168.1.133,10.0.0.214,443,TCP,http,9613,89,124,91,0.737297574,0,1,True Threat
192.168.1.106,10.0.0.7,80,UDP,https,8914,79,6109,35,0.900911061,1,1,True Threat
192.168.1.43,10.0.0.101,8080,TCP,https,500,93,1644,98,0.514551831,0,1,False Threat
192.168.1.187,10.0.0.49,8080,UDP,http,5398,42,9004,89,0.350306632,1,1,False Threat
192.168.1.2,10.0.0.159,443,UDP,http,9945,43,5007,35,0.900351555,0,1,False Threat
192.168.1.232,10.0.0.144,80,UDP,dns,7302,30,9664,67,0.870671027,0,1,True Threat
192.168.1.170,10.0.0.192,80,TCP,http,2319,66,7732,66,0.302412696,0,1,False Threat
192.168.1.58,10.0.0.230,443,TCP,dns,1637,22,4505,65,0.893759306,1,1,False Threat
192.168.1.12,10.0.0.96,53,UDP,dns,8845,87,8388,36,0.611100994,1,1,True Threat
192.168.1.83,10.0.0.241,53,TCP,http,7225,83,2418,73,0.234262569,1,1,True Threat
192.168.1.143,10.0.0.63,443,UDP,http,5616,25,7625,66,0.512485506,1,1,True Threat
192.168.1.54,10.0.0.141,53,UDP,https,5120,7,3057,82,0.968768008,0,1,True Threat
192.168.1.141,10.0.0.94,80,UDP,http,6495,62,8182,93,0.943797451,1,1,False Threat
192.168.1.85,10.0.0.91,53,UDP,http,7738,48,1622,82,0.194052585,0,1,False Threat
192.168.1.204,10.0.0.232,80,TCP,dns,7971,13,8744,37,0.01022615,1,1,False Threat
192.168.1.7,10.0.0.148,8080,UDP,https,9393,46,3065,84,0.77708222,1,1,True Threat
192.168.1.245,10.0.0.128,53,UDP,http,3802,73,1836,91,0.879241937,0,1,False Threat
192.168.1.79,10.0.0.242,53,TCP,dns,2330,13,5836,2,0.755377721,1,1,False Threat
192.168.1.149,10.0.0.141,53,TCP,http,3053,16,8020,9,0.861039175,0,1,True Threat
192.168.1.228,10.0.0.231,8080,TCP,dns,9868,24,890,64,0.495596527,0,1,False Threat
192.168.1.142,10.0.0.158,80,UDP,dns,3841,88,7605,30,0.491669101,1,1,True Threat
192.168.1.86,10.0.0.216,443,UDP,dns,738,99,8497,64,0.049892468,0,1,True Threat
192.168.1.49,10.0.0.208,53,TCP,dns,6510,97,4039,26,0.361988824,0,1,False Threat
192.168.1.70,10.0.0.253,443,UDP,http,7202,92,5726,57,0.838583091,0,1,False Threat
192.168.1.1,10.0.0.85,53,UDP,dns,1574,34,6199,25,0.533219329,0,1,False Threat
192.168.1.206,10.0.0.10,80,UDP,dns,3832,98,7595,12,0.756101632,0,1,False Threat
192.168.1.113,10.0.0.237,8080,UDP,dns,6968,31,1425,18,0.454870785,0,1,False Threat
192.168.1.150,10.0.0.80,443,UDP,https,6724,29,9633,44,0.094580055,1,1,False Threat
192.168.1.139,10.0.0.133,53,UDP,https,4346,58,8210,48,0.543143864,1,1,True Threat
192.168.1.115,10.0.0.145,53,UDP,https,9798,74,9425,6,0.929718165,0,1,True Threat
192.168.1.44,10.0.0.229,53,UDP,https,8054,63,7037,31,0.79579975,1,1,False Threat
192.168.1.128,10.0.0.63,8080,TCP,http,3691,22,5114,52,0.800974525,0,1,True Threat
192.168.1.24,10.0.0.24,53,TCP,http,623,76,7727,48,0.655102153,1,1,True Threat
192.168.1.188,10.0.0.92,80,TCP,http,5934,36,2826,52,0.911760662,0,1,False Threat
192.168.1.131,10.0.0.111,53,UDP,https,5534,57,7509,3,0.672367405,1,1,False Threat
192.168.1.99,10.0.0.254,8080,TCP,https,9485,67,5857,89,0.092166022,0,1,False Threat
192.168.1.63,10.0.0.23,443,TCP,https,8228,97,4005,14,0.415030259,0,1,True Threat
192.168.1.164,10.0.0.99,443,TCP,http,1158,93,7166,63,0.187267399,1,1,True Threat
192.168.1.223,10.0.0.159,80,TCP,dns,8501,75,4867,84,0.87269028,0,1,False Threat
192.168.1.83,10.0.0.156,80,TCP,http,1803,42,7791,93,0.763767564,0,1,True Threat
192.168.1.228,10.0.0.240,8080,TCP,https,4989,38,1309,20,0.387848392,0,1,True Threat
192.168.1.51,10.0.0.216,8080,UDP,dns,2703,98,5999,38,0.45763973,1,1,True Threat
192.168.1.156,10.0.0.79,53,TCP,dns,2825,36,7816,11,0.270505176,1,1,False Threat
192.168.1.15,10.0.0.232,8080,UDP,http,1597,81,9521,52,0.165924769,1,1,True Threat
192.168.1.42,10.0.0.31,53,UDP,https,808,85,4460,20,0.500133458,1,1,True Threat
192.168.1.194,10.0.0.35,443,UDP,http,555,4,6218,42,0.695616167,1,1,True Threat
192.168.1.37,10.0.0.55,80,TCP,http,5313,96,5965,10,0.634480562,1,1,False Threat
192.168.1.105,10.0.0.110,53,TCP,http,3412,26,6710,66,0.277676734,0,1,True Threat
192.168.1.12,10.0.0.60,53,TCP,http,4694,90,7483,56,0.09882556,1,1,True Threat
192.168.1.33,10.0.0.182,53,UDP,https,7036,68,1127,59,0.991180681,1,1,True Threat
192.168.1.183,10.0.0.14,80,UDP,dns,5290,64,2158,31,0.755508185,0,1,False Threat
192.168.1.20,10.0.0.108,443,TCP,dns,9561,97,4109,27,0.731514623,0,1,False Threat
192.168.1.175,10.0.0.9,53,TCP,http,1225,6,7378,41,0.47378319,1,1,True Threat
192.168.1.43,10.0.0.97,443,TCP,https,9819,22,9669,1,0.554161473,1,1,False Threat
192.168.1.78,10.0.0.130,80,TCP,dns,5987,1,5911,33,0.010395455,0,1,True Threat
192.168.1.25,10.0.0.158,80,UDP,dns,2932,45,7029,72,0.527265857,1,1,True Threat
192.168.1.3,10.0.0.209,8080,TCP,https,1903,52,113,54,0.819490106,1,1,True Threat
192.168.1.4,10.0.0.231,8080,UDP,dns,2510,60,3962,17,0.66504553,1,1,False Threat
192.168.1.108,10.0.0.151,8080,UDP,http,3028,97,7612,35,0.252690961,1,1,False Threat
192.168.1.113,10.0.0.20,8080,UDP,https,9179,43,9198,83,0.139567012,1,1,False Threat
192.168.1.73,10.0.0.149,8080,TCP,https,7232,83,9301,83,0.62274747,1,1,False Threat
192.168.1.73,10.0.0.124,80,TCP,https,2781,53,9700,77,0.689132624,1,1,False Threat
192.168.1.195,10.0.0.215,443,UDP,http,6916,82,9852,86,0.362597963,1,1,False Threat
192.168.1.249,10.0.0.61,8080,UDP,https,8226,55,8632,43,0.710452999,0,1,False Threat
192.168.1.68,10.0.0.251,8080,TCP,dns,1095,77,9662,22,0.361978217,1,1,False Threat
192.168.1.62,10.0.0.170,8080,TCP,http,8904,82,4419,70,0.140938786,1,1,False Threat
192.168.1.15,10.0.0.41,53,TCP,http,6936,32,1388,86,0.668834326,0,1,True Threat
192.168.1.97,10.0.0.189,443,TCP,http,6450,4,4629,87,0.666214757,0,1,True Threat
192.168.1.196,10.0.0.180,53,TCP,https,9119,43,1332,18,0.378939097,0,1,True Threat
192.168.1.238,10.0.0.41,53,TCP,dns,1589,95,5304,73,0.086605403,0,1,True Threat
192.168.1.253,10.0.0.235,8080,TCP,dns,1468,65,2440,22,0.453835538,1,1,True Threat
192.168.1.87,10.0.0.223,8080,UDP,http,2236,5,1823,52,0.132260255,1,1,True Threat
192.168.1.110,10.0.0.95,53,TCP,https,6584,65,9587,59,0.356242053,1,1,True Threat
192.168.1.76,10.0.0.239,443,UDP,https,1210,87,3837,49,0.358240617,0,1,False Threat
192.168.1.185,10.0.0.166,53,UDP,dns,6032,95,5986,42,0.979265459,0,1,True Threat
192.168.1.17,10.0.0.127,443,UDP,http,4956,30,2966,30,0.233900872,1,1,True Threat
192.168.1.158,10.0.0.17,443,TCP,http,3204,88,8422,84,0.921033461,1,1,True Threat
192.168.1.209,10.0.0.253,80,TCP,https,8540,12,7949,48,0.190220203,0,1,True Threat
192.168.1.189,10.0.0.66,53,TCP,https,1570,3,1534,39,0.977180792,1,1,False Threat
192.168.1.122,10.0.0.24,53,TCP,https,8354,86,3628,45,0.069568985,1,1,False Threat
192.168.1.119,10.0.0.201,443,TCP,dns,3784,13,511,82,0.495789197,1,1,False Threat
192.168.1.118,10.0.0.129,443,UDP,http,7242,81,7418,30,0.618321345,1,1,False Threat
192.168.1.190,10.0.0.88,8080,UDP,https,5150,3,3388,69,0.196504482,1,1,True Threat
192.168.1.162,10.0.0.112,80,UDP,http,1489,77,6072,79,0.226131679,1,1,False Threat
192.168.1.105,10.0.0.192,8080,TCP,https,4426,36,7513,37,0.199511693,1,1,True Threat
192.168.1.252,10.0.0.90,443,TCP,dns,1460,78,6990,80,0.827047369,0,1,True Threat
192.168.1.252,10.0.0.135,80,TCP,dns,3412,19,4416,32,0.471608539,0,1,True Threat
192.168.1.122,10.0.0.217,443,UDP,https,6003,36,8229,18,0.92678441,0,1,True Threat
192.168.1.71,10.0.0.248,8080,TCP,dns,7769,11,8361,65,0.446966896,0,1,True Threat
192.168.1.214,10.0.0.208,80,UDP,dns,1204,20,1296,16,0.714441885,1,1,False Threat
192.168.1.185,10.0.0.209,443,UDP,https,6540,13,6366,59,0.710032286,1,1,True Threat
192.168.1.80,10.0.0.44,80,UDP,dns,8145,87,5598,78,0.818283469,1,1,True Threat
192.168.1.208,10.0.0.240,80,UDP,https,4026,1,8120,55,0.42035486,1,1,False Threat
192.168.1.112,10.0.0.140,8080,TCP,http,3935,93,7599,5,0.259516813,0,1,False Threat
192.168.1.130,10.0.0.136,80,UDP,dns,2051,73,5022,38,0.053477503,0,1,True Threat
192.168.1.224,10.0.0.120,53,TCP,https,4936,19,7622,79,0.7405388,1,1,False Threat
192.168.1.217,10.0.0.200,443,TCP,http,6553,72,4131,43,0.074190503,0,1,False Threat
192.168.1.240,10.0.0.83,8080,UDP,http,4454,21,8517,7,0.596639794,0,1,True Threat
192.168.1.4,10.0.0.88,443,TCP,https,5910,49,4591,79,0.328921906,1,1,True Threat
192.168.1.215,10.0.0.6,443,TCP,https,4633,49,2819,53,0.296540948,0,1,True Threat
192.168.1.198,10.0.0.167,8080,TCP,http,2339,12,4003,28,0.926967775,0,1,False Threat
192.168.1.216,10.0.0.101,443,TCP,http,9571,25,3705,94,0.777355182,1,1,True Threat
192.168.1.33,10.0.0.118,80,UDP,dns,541,26,7496,6,0.668714837,0,1,True Threat
192.168.1.105,10.0.0.165,80,UDP,dns,6571,23,6253,25,0.183889414,1,1,True Threat
192.168.1.236,10.0.0.164,80,TCP,http,9929,30,1093,13,0.413095664,0,1,False Threat
192.168.1.166,10.0.0.89,443,TCP,dns,5879,13,7187,5,0.992446801,1,1,False Threat
192.168.1.157,10.0.0.208,53,TCP,https,3144,59,1373,37,0.103820705,1,1,True Threat
192.168.1.233,10.0.0.115,443,UDP,https,465,64,617,39,0.532309973,0,1,True Threat
192.168.1.28,10.0.0.248,8080,UDP,https,7132,98,8490,43,0.709348981,1,1,True Threat
192.168.1.212,10.0.0.133,443,TCP,http,8808,76,7373,36,0.330845276,0,1,True Threat
192.168.1.218,10.0.0.178,443,TCP,https,1544,47,1802,99,0.882502053,0,1,False Threat
192.168.1.152,10.0.0.25,53,UDP,http,3744,95,2665,59,0.540239778,0,1,False Threat
192.168.1.175,10.0.0.84,443,UDP,http,3634,96,4767,71,0.62389745,0,1,True Threat
192.168.1.30,10.0.0.12,53,UDP,dns,7965,22,7477,43,0.017960847,1,1,True Threat
192.168.1.36,10.0.0.229,53,UDP,dns,8696,92,1722,52,0.20029824,1,1,False Threat
192.168.1.40,10.0.0.82,53,UDP,dns,8873,82,2648,24,0.859943252,0,1,True Threat
192.168.1.138,10.0.0.155,8080,UDP,https,4540,58,4034,25,0.086395518,0,1,False Threat
192.168.1.74,10.0.0.199,80,TCP,dns,7471,7,4202,75,0.292761431,0,1,True Threat
192.168.1.42,10.0.0.176,53,TCP,https,7161,12,7290,76,0.002841708,0,1,False Threat
192.168.1.152,10.0.0.99,443,TCP,https,2400,62,2158,55,0.913187727,1,1,True Threat
192.168.1.47,10.0.0.149,8080,TCP,http,7891,78,9812,69,0.234349156,1,1,True Threat
192.168.1.10,10.0.0.218,80,TCP,http,5052,41,4322,8,0.603088736,0,1,True Threat
192.168.1.28,10.0.0.214,53,TCP,https,9115,63,8339,99,0.908642214,1,1,True Threat
192.168.1.174,10.0.0.184,53,TCP,https,4380,67,1054,98,0.70290677,0,1,True Threat
192.168.1.200,10.0.0.101,53,UDP,http,6520,11,5058,44,0.902021682,0,1,True Threat
192.168.1.168,10.0.0.197,443,TCP,https,4121,42,1260,85,0.649346975,1,1,True Threat
192.168.1.62,10.0.0.112,8080,TCP,http,4178,43,1777,30,0.735720541,1,1,True Threat
192.168.1.86,10.0.0.227,53,TCP,dns,1591,41,5514,67,0.614406841,1,1,True Threat
192.168.1.35,10.0.0.98,8080,UDP,http,4218,75,5002,77,0.570089013,1,1,True Threat
192.168.1.37,10.0.0.26,443,TCP,http,7497,86,3897,31,0.43933414,1,1,False Threat
192.168.1.1,10.0.0.98,80,TCP,http,1244,28,6497,68,0.032260624,1,1,False Threat
192.168.1.204,10.0.0.96,53,TCP,http,1056,26,5874,79,0.476104852,1,1,False Threat
192.168.1.127,10.0.0.90,443,UDP,https,9067,73,1059,70,0.211009558,0,1,True Threat
192.168.1.182,10.0.0.89,8080,UDP,dns,9601,98,5616,41,0.370165674,0,1,False Threat
192.168.1.81,10.0.0.238,8080,TCP,https,525,74,650,17,0.483585221,1,1,False Threat
192.168.1.190,10.0.0.17,443,UDP,dns,9568,93,5763,20,0.45567374,0,1,True Threat
192.168.1.210,10.0.0.219,443,UDP,dns,5779,67,5064,61,0.08997198,1,1,True Threat
192.168.1.169,10.0.0.158,53,UDP,http,2551,41,3654,62,0.500180877,0,1,True Threat
192.168.1.26,10.0.0.200,53,UDP,http,158,23,8304,10,0.312367926,1,1,True Threat
192.168.1.104,10.0.0.79,80,UDP,http,1520,77,7342,71,0.596957587,0,1,False Threat
192.168.1.30,10.0.0.8,80,UDP,https,4604,61,5239,86,0.747106465,1,1,False Threat
192.168.1.34,10.0.0.103,443,TCP,http,8472,58,5152,90,0.596807677,1,1,True Threat
192.168.1.222,10.0.0.158,8080,TCP,https,8683,44,3424,72,0.791140642,0,1,True Threat
192.168.1.70,10.0.0.196,53,TCP,http,904,27,874,84,0.241441043,0,1,True Threat
192.168.1.102,10.0.0.206,8080,UDP,dns,5869,90,7123,74,0.642694677,0,1,False Threat
192.168.1.141,10.0.0.123,53,UDP,http,5417,83,2343,92,0.865791153,1,1,False Threat
192.168.1.45,10.0.0.56,80,UDP,dns,5501,52,3242,21,0.141530088,0,1,False Threat
192.168.1.67,10.0.0.253,80,UDP,dns,7725,58,3351,62,0.449412685,0,1,True Threat
192.168.1.92,10.0.0.69,53,TCP,http,1953,72,1662,16,0.879078167,1,1,True Threat
192.168.1.86,10.0.0.118,53,TCP,http,5846,99,8013,51,0.934298258,1,1,True Threat
192.168.1.159,10.0.0.103,443,TCP,https,8332,72,3872,38,0.73525547,0,1,False Threat
192.168.1.200,10.0.0.83,53,UDP,dns,5961,40,6929,61,0.99981458,1,1,False Threat
192.168.1.93,10.0.0.237,53,UDP,https,1546,34,4594,31,0.210925979,1,1,False Threat
192.168.1.44,10.0.0.4,8080,TCP,http,3376,95,2984,8,0.180326009,0,1,True Threat
192.168.1.84,10.0.0.166,53,UDP,http,1322,61,9796,85,0.234935087,0,1,False Threat
192.168.1.42,10.0.0.30,53,UDP,dns,9596,67,5646,35,0.429332409,0,1,True Threat
192.168.1.175,10.0.0.12,443,TCP,http,5578,40,9494,40,0.536369927,1,1,True Threat
192.168.1.90,10.0.0.17,53,TCP,http,8097,54,6101,18,0.940136183,1,1,False Threat
192.168.1.74,10.0.0.192,443,UDP,http,3693,44,3004,5,0.645333272,1,1,True Threat
192.168.1.29,10.0.0.188,443,TCP,dns,6669,48,4795,81,0.116729595,0,1,True Threat
192.168.1.210,10.0.0.147,80,TCP,dns,730,71,6850,90,0.851219823,1,1,False Threat
192.168.1.106,10.0.0.182,80,UDP,http,910,30,5316,98,0.419780525,1,1,True Threat
192.168.1.215,10.0.0.86,8080,UDP,http,1284,87,9154,18,0.567493155,1,1,True Threat
192.168.1.64,10.0.0.217,53,TCP,http,1978,27,6761,8,0.017533973,1,1,False Threat
192.168.1.17,10.0.0.74,80,UDP,http,9601,94,795,44,0.039766621,0,1,False Threat
192.168.1.165,10.0.0.211,80,TCP,https,6694,17,8703,50,0.408748236,0,1,False Threat
192.168.1.95,10.0.0.140,80,UDP,http,1299,27,3517,73,0.131130195,0,1,False Threat
192.168.1.25,10.0.0.221,8080,UDP,http,1111,45,6661,85,0.893004249,0,1,False Threat
192.168.1.117,10.0.0.118,443,UDP,dns,5874,27,831,2,0.724975215,1,1,True Threat
192.168.1.192,10.0.0.180,80,TCP,http,2958,79,8180,28,0.37385128,1,1,False Threat
192.168.1.196,10.0.0.82,443,TCP,dns,1416,89,1780,44,0.134826095,0,1,False Threat
192.168.1.137,10.0.0.16,8080,UDP,dns,5116,20,7686,16,0.640364113,0,1,True Threat
192.168.1.185,10.0.0.132,80,UDP,https,9366,94,1780,53,0.625826766,1,1,False Threat
192.168.1.92,10.0.0.107,8080,TCP,https,6538,60,9920,10,0.741746599,1,1,False Threat
192.168.1.124,10.0.0.214,443,UDP,https,4833,47,8827,73,0.449544956,1,1,True Threat
192.168.1.239,10.0.0.29,8080,TCP,https,1395,22,4952,90,0.115229537,0,1,False Threat
192.168.1.88,10.0.0.59,8080,UDP,dns,126,67,4818,47,0.371171487,0,1,False Threat
192.168.1.161,10.0.0.214,80,TCP,https,6004,62,906,92,0.608469039,1,1,True Threat
192.168.1.148,10.0.0.79,443,UDP,http,1041,58,5813,99,0.525041586,0,1,True Threat
192.168.1.200,10.0.0.66,80,TCP,https,4442,54,1407,66,0.235757798,0,1,True Threat
192.168.1.88,10.0.0.77,8080,UDP,http,3018,69,992,55,0.304838736,1,1,False Threat
192.168.1.59,10.0.0.26,443,UDP,http,9976,83,1610,80,0.68636045,0,1,True Threat
192.168.1.121,10.0.0.12,53,TCP,https,8814,66,1939,9,0.303775285,0,1,False Threat
192.168.1.117,10.0.0.91,8080,UDP,http,663,5,3509,18,0.536908174,1,1,False Threat
192.168.1.65,10.0.0.163,80,UDP,https,1380,92,4432,85,0.009884821,1,1,False Threat
192.168.1.204,10.0.0.130,443,UDP,http,6314,8,999,7,0.697047738,0,1,True Threat
192.168.1.165,10.0.0.2,53,UDP,dns,9341,99,2045,83,0.441001346,1,1,False Threat
192.168.1.171,10.0.0.34,53,UDP,dns,2145,77,7297,8,0.014866234,1,1,False Threat
192.168.1.29,10.0.0.41,8080,TCP,dns,5745,14,6052,17,0.280934992,1,1,True Threat
192.168.1.21,10.0.0.73,80,UDP,http,4177,39,4688,30,0.02237482,1,1,False Threat
192.168.1.228,10.0.0.243,80,UDP,dns,7403,69,4557,30,0.46185483,1,1,True Threat
192.168.1.136,10.0.0.69,80,UDP,https,2709,31,4885,82,0.692798019,0,1,False Threat
192.168.1.201,10.0.0.160,53,UDP,dns,2664,33,9941,6,0.378232554,0,1,False Threat
192.168.1.62,10.0.0.151,8080,TCP,http,8180,96,4581,22,0.255688983,1,1,True Threat
192.168.1.142,10.0.0.65,80,TCP,dns,9767,46,9963,6,0.374897571,0,1,True Threat
192.168.1.1,10.0.0.32,8080,UDP,https,3430,61,3715,16,0.216527966,0,1,False Threat
192.168.1.208,10.0.0.16,443,UDP,dns,1450,99,4402,88,0.37720568,1,1,True Threat
192.168.1.182,10.0.0.52,8080,UDP,http,5177,18,5971,48,0.443800828,0,1,True Threat
192.168.1.5,10.0.0.141,443,UDP,dns,7935,61,1100,43,0.89360505,1,1,True Threat
192.168.1.93,10.0.0.11,53,TCP,dns,8259,66,6652,33,0.940485657,1,1,True Threat
192.168.1.53,10.0.0.71,53,UDP,dns,2862,23,6102,48,0.401195777,1,1,True Threat
192.168.1.220,10.0.0.196,53,UDP,dns,6832,13,4750,22,0.20485272,0,1,True Threat
192.168.1.52,10.0.0.81,8080,UDP,http,3640,4,3710,76,0.084716341,0,1,False Threat
192.168.1.19,10.0.0.51,53,UDP,dns,2183,26,8664,10,0.59002646,0,1,True Threat
192.168.1.35,10.0.0.108,8080,UDP,dns,8802,91,4635,50,0.526226403,1,1,True Threat
192.168.1.182,10.0.0.83,53,TCP,https,3389,1,8366,84,0.185989631,0,1,False Threat
192.168.1.59,10.0.0.186,8080,TCP,http,5833,56,9280,15,0.855376626,0,1,False Threat
192.168.1.172,10.0.0.151,53,TCP,dns,1662,60,810,32,0.735870508,1,1,True Threat
192.168.1.253,10.0.0.144,443,UDP,dns,3766,28,2560,30,0.890398861,0,1,False Threat
192.168.1.253,10.0.0.29,443,TCP,http,2225,41,2403,38,0.345532711,1,1,False Threat
192.168.1.19,10.0.0.72,443,TCP,dns,6483,86,9972,46,0.970214679,0,1,True Threat
192.168.1.88,10.0.0.217,443,TCP,http,6372,71,4668,81,0.54745359,1,1,True Threat
192.168.1.235,10.0.0.217,53,TCP,http,4002,4,7890,83,0.216675267,1,1,True Threat
192.168.1.49,10.0.0.14,80,UDP,dns,1257,28,9765,82,0.492079052,0,1,True Threat
192.168.1.60,10.0.0.79,80,UDP,https,8032,89,6512,91,0.957224168,0,1,True Threat
192.168.1.81,10.0.0.207,443,TCP,dns,9590,50,5629,88,0.502380664,1,1,False Threat
192.168.1.125,10.0.0.72,443,TCP,https,676,74,6569,17,0.423218046,1,1,False Threat
192.168.1.59,10.0.0.45,8080,TCP,dns,5514,9,4876,46,0.533437447,1,1,False Threat
192.168.1.178,10.0.0.236,8080,TCP,https,208,10,3584,45,0.758131525,1,1,False Threat
192.168.1.107,10.0.0.246,53,UDP,http,5389,2,8792,22,0.984361146,1,1,False Threat
192.168.1.45,10.0.0.45,443,TCP,http,4586,21,8303,27,0.951155102,1,1,True Threat
192.168.1.122,10.0.0.254,8080,TCP,https,5018,90,5604,91,0.166602483,0,1,True Threat
192.168.1.39,10.0.0.204,80,UDP,http,3720,90,9054,39,0.423566421,1,1,True Threat
192.168.1.14,10.0.0.96,53,TCP,http,1635,59,3864,71,0.951801236,0,1,True Threat
192.168.1.136,10.0.0.211,53,UDP,http,6888,71,8638,13,0.590475512,0,1,False Threat
192.168.1.249,10.0.0.29,8080,UDP,https,5088,12,3149,96,0.331944494,0,1,True Threat
192.168.1.249,10.0.0.50,53,UDP,http,4002,38,6730,29,0.262612283,1,1,True Threat
192.168.1.80,10.0.0.178,8080,TCP,http,1798,95,9893,83,0.265253843,0,1,False Threat
192.168.1.218,10.0.0.88,53,TCP,http,1116,58,6690,63,0.8996631,1,1,False Threat
192.168.1.7,10.0.0.42,80,TCP,https,8057,18,7936,16,0.546415852,0,1,False Threat
192.168.1.210,10.0.0.219,443,TCP,https,6294,37,750,96,0.161702155,1,1,False Threat
192.168.1.200,10.0.0.241,8080,UDP,https,9724,33,5244,48,0.3310996,0,1,True Threat
192.168.1.61,10.0.0.21,8080,UDP,https,9790,72,2594,12,0.168024105,1,1,True Threat
192.168.1.115,10.0.0.135,8080,UDP,dns,3934,18,5583,97,0.21147503,1,1,False Threat
192.168.1.25,10.0.0.80,8080,TCP,dns,8760,82,9412,52,0.457558399,1,1,True Threat
192.168.1.5,10.0.0.75,8080,TCP,http,2865,34,590,95,0.064001501,1,1,False Threat
192.168.1.237,10.0.0.169,80,TCP,http,1684,50,6871,44,0.536222886,1,1,True Threat
192.168.1.50,10.0.0.167,8080,TCP,dns,2098,10,790,15,0.614539989,0,1,True Threat
192.168.1.154,10.0.0.118,80,UDP,https,7055,72,5425,47,0.834498489,1,1,False Threat
192.168.1.21,10.0.0.161,443,UDP,http,328,98,3465,5,0.524233457,0,1,False Threat
192.168.1.98,10.0.0.171,80,UDP,https,1605,18,9008,62,0.426412911,1,1,False Threat
192.168.1.102,10.0.0.128,53,TCP,https,5424,18,4310,22,0.335836711,0,1,False Threat
192.168.1.152,10.0.0.100,8080,UDP,dns,5277,59,6221,51,0.047000107,1,1,True Threat
192.168.1.156,10.0.0.42,80,TCP,https,3689,88,3472,15,0.238875471,1,1,True Threat
192.168.1.30,10.0.0.250,443,UDP,dns,3141,56,7295,56,0.286519666,0,1,True Threat
192.168.1.162,10.0.0.104,80,TCP,dns,8003,35,851,70,0.787940325,0,1,True Threat
192.168.1.54,10.0.0.252,80,UDP,http,2458,69,9819,58,0.376930094,0,1,True Threat
192.168.1.180,10.0.0.128,443,TCP,http,2627,26,6429,30,0.47114108,0,1,True Threat
192.168.1.87,10.0.0.139,8080,TCP,https,8038,71,8558,34,0.898563418,0,1,True Threat
192.168.1.8,10.0.0.18,8080,TCP,https,2303,20,4621,38,0.076658701,1,1,True Threat
192.168.1.106,10.0.0.4,80,UDP,https,1844,46,3213,19,0.678999289,1,1,True Threat
192.168.1.242,10.0.0.102,80,TCP,https,8379,80,7003,74,0.590736918,0,1,True Threat
192.168.1.183,10.0.0.216,80,TCP,http,9259,54,913,68,0.471924993,0,1,True Threat
192.168.1.129,10.0.0.30,80,UDP,https,8009,80,2499,6,0.243726998,0,1,True Threat
192.168.1.121,10.0.0.124,80,TCP,dns,1784,36,3929,64,0.764952273,0,1,False Threat
192.168.1.165,10.0.0.159,443,TCP,https,8939,48,689,73,0.658212812,1,1,True Threat
192.168.1.210,10.0.0.204,53,UDP,http,4669,72,7021,74,0.027796901,1,1,True Threat
192.168.1.149,10.0.0.195,8080,TCP,https,892,61,3449,18,0.408698408,1,1,False Threat
192.168.1.4,10.0.0.136,53,UDP,https,9634,45,9896,4,0.903316489,0,1,False Threat
192.168.1.43,10.0.0.245,443,TCP,dns,6464,10,2507,45,0.413095211,0,1,True Threat
192.168.1.21,10.0.0.216,53,UDP,dns,4067,36,5794,42,0.030787048,0,1,True Threat
192.168.1.69,10.0.0.241,80,TCP,dns,799,19,926,44,0.437822014,0,1,False Threat
192.168.1.176,10.0.0.244,8080,TCP,https,4919,37,1100,1,0.617271197,0,1,True Threat
192.168.1.139,10.0.0.22,443,TCP,http,3194,73,5492,17,0.394321589,1,1,False Threat
192.168.1.238,10.0.0.95,8080,UDP,http,5296,14,3495,34,0.574403386,1,1,True Threat
192.168.1.105,10.0.0.155,8080,UDP,http,6906,22,3386,46,0.445255233,1,1,True Threat
192.168.1.92,10.0.0.241,53,UDP,http,1006,62,1916,72,0.355021532,1,1,True Threat
192.168.1.64,10.0.0.11,8080,UDP,https,6429,33,1902,38,0.507062149,0,1,True Threat
192.168.1.149,10.0.0.132,53,TCP,http,5801,74,9504,39,0.665055592,0,1,False Threat
192.168.1.199,10.0.0.232,8080,UDP,dns,8025,92,8637,36,0.389013745,0,1,True Threat
192.168.1.112,10.0.0.200,53,TCP,dns,7991,24,2429,55,0.483363225,0,1,True Threat
192.168.1.77,10.0.0.133,8080,TCP,dns,2482,67,1581,73,0.628397112,1,1,False Threat
192.168.1.19,10.0.0.190,8080,UDP,dns,7789,21,3617,46,0.34981365,0,1,True Threat
192.168.1.226,10.0.0.33,53,TCP,dns,2519,57,134,53,0.605544126,0,1,False Threat
192.168.1.132,10.0.0.120,80,UDP,https,7089,85,2022,99,0.384541473,0,1,True Threat
192.168.1.229,10.0.0.246,53,TCP,dns,3668,90,2943,2,0.359458134,0,1,True Threat
192.168.1.59,10.0.0.38,53,UDP,https,5361,48,4863,56,0.222983956,0,1,True Threat
192.168.1.25,10.0.0.188,443,TCP,http,1175,43,9132,15,0.562196835,1,1,True Threat
192.168.1.187,10.0.0.87,443,TCP,dns,2944,14,3308,25,0.869045075,1,1,True Threat
192.168.1.100,10.0.0.9,80,TCP,http,8386,92,5752,20,0.185898494,1,1,False Threat
192.168.1.70,10.0.0.57,443,TCP,https,1388,87,3577,6,0.927770522,0,1,True Threat
192.168.1.135,10.0.0.30,53,TCP,http,4815,92,6154,36,0.645115003,1,1,True Threat
192.168.1.4,10.0.0.157,53,UDP,dns,6300,4,9116,34,0.63252127,1,1,True Threat
192.168.1.162,10.0.0.127,443,UDP,http,3274,67,3904,41,0.936101454,1,1,True Threat
192.168.1.69,10.0.0.221,80,UDP,dns,2364,25,6851,36,0.160912605,1,1,False Threat
192.168.1.225,10.0.0.145,8080,UDP,https,2034,78,4846,30,0.291230254,1,1,False Threat
192.168.1.249,10.0.0.201,80,UDP,dns,5446,74,2196,23,0.47257436,0,1,True Threat
192.168.1.110,10.0.0.60,443,UDP,https,5615,26,8142,59,0.110398801,1,1,False Threat
192.168.1.180,10.0.0.248,443,UDP,dns,5891,38,1839,46,0.893415363,1,1,False Threat
192.168.1.202,10.0.0.237,80,TCP,https,1366,15,8424,4,0.957362238,0,1,False Threat
192.168.1.182,10.0.0.8,53,UDP,http,3103,30,6240,90,0.128553149,0,1,True Threat
192.168.1.73,10.0.0.222,8080,TCP,https,8349,69,4622,58,0.253894468,1,1,True Threat
192.168.1.214,10.0.0.93,443,UDP,http,5735,60,4487,98,0.53822509,1,1,True Threat
192.168.1.109,10.0.0.166,53,TCP,dns,3342,72,5656,10,0.834063957,1,1,False Threat
192.168.1.103,10.0.0.62,80,TCP,http,7700,12,7665,16,0.298910742,1,1,False Threat
192.168.1.85,10.0.0.104,53,UDP,http,913,71,6554,1,0.332196154,1,1,True Threat
192.168.1.72,10.0.0.179,8080,TCP,https,371,93,8538,80,0.555364599,0,1,False Threat
192.168.1.134,10.0.0.186,443,TCP,https,9919,28,6486,89,0.570427251,1,1,False Threat
192.168.1.92,10.0.0.120,53,TCP,dns,4379,32,6201,48,0.644764956,0,1,True Threat
192.168.1.108,10.0.0.230,443,TCP,dns,1311,36,1828,62,0.856364137,1,1,True Threat
192.168.1.159,10.0.0.241,53,UDP,http,7761,13,7413,91,0.439014495,0,1,True Threat
192.168.1.202,10.0.0.133,443,TCP,http,3355,65,3937,3,0.69754277,0,1,True Threat
192.168.1.212,10.0.0.106,53,UDP,https,3041,24,3212,74,0.833946613,1,1,False Threat
192.168.1.8,10.0.0.37,53,TCP,https,773,6,327,35,0.648488911,1,1,False Threat
192.168.1.230,10.0.0.211,53,UDP,http,3644,65,3807,77,0.485944612,0,1,False Threat
192.168.1.221,10.0.0.166,53,TCP,https,1393,36,2751,86,0.595511527,1,1,True Threat
192.168.1.172,10.0.0.118,80,UDP,http,7862,30,1288,61,0.608085257,0,1,True Threat
192.168.1.1,10.0.0.36,8080,UDP,https,1819,82,9596,9,0.604350513,1,1,True Threat
192.168.1.90,10.0.0.186,443,UDP,https,7906,48,604,29,0.536943113,0,1,True Threat
192.168.1.244,10.0.0.51,53,TCP,https,8092,11,9488,1,0.120644849,0,1,False Threat
192.168.1.227,10.0.0.226,53,UDP,dns,4741,20,2750,54,0.034531052,0,1,False Threat
192.168.1.124,10.0.0.177,8080,TCP,http,483,78,3308,75,0.996521132,1,1,True Threat
192.168.1.97,10.0.0.13,80,TCP,dns,8830,68,9939,66,0.867160196,1,1,True Threat
192.168.1.84,10.0.0.199,53,UDP,dns,5271,37,6906,26,0.27164791,0,1,False Threat
192.168.1.27,10.0.0.125,53,UDP,https,1284,4,8705,13,0.574509115,1,1,False Threat
192.168.1.207,10.0.0.244,8080,TCP,https,1887,36,5988,61,0.338614456,0,1,True Threat
192.168.1.33,10.0.0.165,80,UDP,dns,1938,72,3666,75,0.189662721,0,1,True Threat
192.168.1.199,10.0.0.103,8080,TCP,https,4843,85,307,23,0.78939354,0,1,True Threat
192.168.1.98,10.0.0.37,443,TCP,http,907,93,249,94,0.770284575,0,1,True Threat
192.168.1.174,10.0.0.173,53,TCP,https,4859,70,328,68,0.194225906,0,1,True Threat
192.168.1.234,10.0.0.36,80,TCP,dns,749,96,1148,33,0.32566397,1,1,False Threat
192.168.1.186,10.0.0.30,443,UDP,http,2305,60,3213,74,0.039634312,1,1,False Threat
192.168.1.92,10.0.0.61,8080,UDP,http,8941,58,2342,36,0.77375474,0,1,False Threat
192.168.1.146,10.0.0.249,80,UDP,https,1545,87,6380,6,0.307867458,0,1,False Threat
192.168.1.164,10.0.0.82,443,UDP,http,1564,51,8270,95,0.646434335,1,1,True Threat
192.168.1.149,10.0.0.30,8080,UDP,http,6432,28,6664,98,0.762494279,1,1,True Threat
192.168.1.208,10.0.0.34,8080,UDP,dns,4300,67,400,10,0.386768113,1,1,True Threat
192.168.1.191,10.0.0.156,8080,UDP,http,5138,25,3503,58,0.684224282,1,1,False Threat
192.168.1.5,10.0.0.229,53,TCP,dns,7262,1,9676,66,0.927315172,1,1,False Threat
192.168.1.243,10.0.0.22,8080,UDP,http,8747,73,877,56,0.333889783,0,1,False Threat
192.168.1.159,10.0.0.235,443,UDP,dns,8577,2,4285,6,0.724681622,1,1,True Threat
192.168.1.88,10.0.0.30,443,TCP,http,9364,48,4738,39,0.210391428,1,1,False Threat
192.168.1.227,10.0.0.242,80,TCP,dns,8538,51,3731,28,0.149312692,0,1,False Threat
192.168.1.74,10.0.0.190,8080,TCP,http,2805,84,217,60,0.274574199,1,1,True Threat
192.168.1.219,10.0.0.59,53,TCP,https,2587,90,7873,96,0.992809458,0,1,False Threat
192.168.1.184,10.0.0.25,443,UDP,https,2587,70,5953,97,0.041458462,1,1,True Threat
192.168.1.27,10.0.0.115,443,UDP,http,7005,86,7736,98,0.268013447,1,1,True Threat
192.168.1.119,10.0.0.17,443,UDP,https,9313,35,6553,91,0.421362604,0,1,False Threat
192.168.1.205,10.0.0.101,53,UDP,dns,6714,39,1445,31,0.272166852,1,1,False Threat
192.168.1.208,10.0.0.227,80,TCP,http,9107,92,9809,89,0.347326267,1,1,False Threat
192.168.1.91,10.0.0.14,443,TCP,https,7493,5,6381,59,0.066632416,1,1,False Threat
192.168.1.52,10.0.0.2,53,UDP,https,4152,84,6201,54,0.09009125,0,1,False Threat
192.168.1.231,10.0.0.252,443,TCP,http,904,52,2178,82,0.185759877,1,1,False Threat
192.168.1.209,10.0.0.67,443,TCP,http,3174,86,437,45,0.518593275,0,1,False Threat
192.168.1.48,10.0.0.251,443,UDP,http,1682,90,9313,6,0.450405483,0,1,True Threat
192.168.1.251,10.0.0.205,53,UDP,dns,6071,72,9755,47,0.704517777,1,1,False Threat
192.168.1.129,10.0.0.40,443,TCP,dns,2166,37,7594,93,0.962037892,1,1,True Threat
192.168.1.204,10.0.0.78,8080,UDP,dns,5887,96,2567,2,0.359663141,1,1,True Threat
192.168.1.95,10.0.0.116,443,TCP,https,8167,67,9204,37,0.828576528,1,1,True Threat
192.168.1.7,10.0.0.141,80,TCP,http,8032,58,1138,22,0.089757713,1,1,False Threat
192.168.1.174,10.0.0.242,53,UDP,dns,8303,26,8841,42,0.694333452,0,1,False Threat
192.168.1.170,10.0.0.11,443,UDP,http,1586,36,2076,75,0.677870961,0,1,True Threat
192.168.1.167,10.0.0.107,53,UDP,https,9070,95,3751,8,0.56144913,0,1,True Threat
192.168.1.136,10.0.0.195,443,TCP,https,7370,82,5088,86,0.268620374,1,1,True Threat
192.168.1.66,10.0.0.66,53,TCP,https,8537,30,6536,56,0.012608809,1,1,True Threat
192.168.1.170,10.0.0.206,80,UDP,http,2423,76,4168,23,0.131876497,1,1,False Threat
192.168.1.67,10.0.0.84,80,UDP,http,736,62,7477,16,0.64507424,1,1,False Threat
192.168.1.93,10.0.0.82,80,UDP,https,5525,44,6609,43,0.62958686,1,1,False Threat
192.168.1.79,10.0.0.165,53,UDP,http,8950,34,5644,34,0.068620882,1,1,True Threat
192.168.1.230,10.0.0.200,53,TCP,http,9109,29,9015,39,0.772602171,0,1,True Threat
192.168.1.101,10.0.0.138,443,TCP,dns,5620,92,3536,78,0.586579519,1,1,False Threat
192.168.1.179,10.0.0.158,80,TCP,https,1105,98,2345,74,0.495689278,1,1,False Threat
192.168.1.253,10.0.0.182,80,UDP,https,3233,90,1084,92,0.035980361,1,1,False Threat
192.168.1.175,10.0.0.189,53,TCP,http,4550,85,9252,31,0.644626651,1,1,False Threat
192.168.1.13,10.0.0.30,80,TCP,http,303,72,3490,99,0.333112089,0,1,True Threat
192.168.1.67,10.0.0.20,8080,UDP,http,9080,3,1716,76,0.686794707,1,1,True Threat
192.168.1.244,10.0.0.24,80,UDP,https,1176,74,6426,92,0.167570803,0,1,False Threat
192.168.1.113,10.0.0.110,443,TCP,dns,2691,51,8084,54,0.897352007,1,1,False Threat
192.168.1.66,10.0.0.82,53,TCP,http,2971,59,6109,65,0.261242823,1,1,False Threat
192.168.1.193,10.0.0.173,53,UDP,dns,748,39,4660,80,0.011921534,0,1,True Threat
192.168.1.89,10.0.0.43,8080,UDP,http,7065,67,8802,21,0.460782363,0,1,False Threat
192.168.1.208,10.0.0.38,443,UDP,https,7818,78,2970,90,0.990713216,1,1,False Threat
192.168.1.189,10.0.0.41,8080,UDP,dns,5263,81,9813,25,0.586794489,1,1,False Threat
192.168.1.239,10.0.0.112,443,TCP,dns,2096,32,6036,61,0.112148384,1,1,True Threat
192.168.1.89,10.0.0.151,443,TCP,http,9764,19,7396,68,0.330607806,0,1,True Threat
192.168.1.71,10.0.0.166,443,UDP,http,4179,84,6819,48,0.671181703,1,1,True Threat
192.168.1.135,10.0.0.31,80,UDP,https,5936,66,4132,63,0.215566652,1,1,True Threat
192.168.1.29,10.0.0.8,8080,TCP,http,5748,58,1417,20,0.394284758,1,1,True Threat
192.168.1.116,10.0.0.217,8080,TCP,http,4313,91,3808,97,0.404799054,1,1,False Threat
192.168.1.103,10.0.0.148,80,UDP,https,4928,99,4281,7,0.98732409,1,1,True Threat
192.168.1.102,10.0.0.78,80,UDP,dns,9224,55,9924,81,0.309239178,1,1,False Threat
192.168.1.124,10.0.0.232,53,UDP,http,821,65,8309,64,0.507756522,0,1,True Threat
192.168.1.74,10.0.0.232,8080,TCP,dns,2245,47,5532,21,0.167502282,1,1,False Threat
192.168.1.101,10.0.0.147,80,UDP,https,4421,97,1709,67,0.780630379,0,1,False Threat
192.168.1.183,10.0.0.200,443,UDP,http,9991,41,7055,58,0.926707632,1,1,True Threat
192.168.1.78,10.0.0.61,443,UDP,https,1720,59,9209,96,0.677366054,1,1,False Threat
192.168.1.252,10.0.0.161,8080,UDP,http,8606,30,2813,47,0.164222935,0,1,True Threat
192.168.1.160,10.0.0.109,8080,UDP,dns,7879,52,6149,71,0.439988282,0,1,True Threat
192.168.1.238,10.0.0.105,53,UDP,https,195,83,5417,60,0.686185055,0,1,False Threat
192.168.1.244,10.0.0.127,443,TCP,dns,2110,53,810,59,0.10100473,1,1,True Threat
192.168.1.251,10.0.0.112,53,UDP,https,662,67,9457,51,0.737970477,1,1,False Threat
192.168.1.137,10.0.0.117,8080,UDP,https,1353,34,5488,95,0.303423204,1,1,True Threat
192.168.1.22,10.0.0.235,443,TCP,http,5472,28,2744,46,0.063649194,1,1,True Threat
192.168.1.145,10.0.0.233,443,UDP,https,2799,54,7098,69,0.273823057,0,1,False Threat
192.168.1.239,10.0.0.47,443,TCP,dns,8424,33,1759,17,0.892526604,1,1,True Threat
192.168.1.134,10.0.0.144,443,TCP,https,3098,66,1149,39,0.100630208,0,1,False Threat
192.168.1.199,10.0.0.173,8080,TCP,https,4036,65,6037,5,0.430378989,1,1,False Threat
192.168.1.75,10.0.0.56,53,UDP,https,2508,62,5210,6,0.11917353,0,1,True Threat
192.168.1.252,10.0.0.99,8080,TCP,dns,1207,77,8371,39,0.388313238,1,1,False Threat
192.168.1.183,10.0.0.156,53,TCP,https,2247,68,2147,31,0.172577649,0,1,False Threat
192.168.1.63,10.0.0.227,8080,TCP,https,2638,92,1877,76,0.517383459,0,1,False Threat
192.168.1.73,10.0.0.82,80,TCP,https,827,50,8802,46,0.458335982,1,1,False Threat
192.168.1.46,10.0.0.156,53,TCP,http,9528,9,4418,70,0.185302177,1,1,True Threat
192.168.1.188,10.0.0.216,8080,TCP,https,8598,30,3821,91,0.628539932,1,1,False Threat
192.168.1.139,10.0.0.122,8080,TCP,dns,8168,78,6701,21,0.414040827,1,1,False Threat
192.168.1.243,10.0.0.232,8080,TCP,http,7983,79,7661,5,0.99319648,1,1,False Threat
192.168.1.58,10.0.0.226,80,UDP,https,3454,29,7371,80,0.147488954,0,1,False Threat
192.168.1.220,10.0.0.114,80,TCP,https,9391,81,2929,36,0.753230277,0,1,True Threat
192.168.1.90,10.0.0.227,80,UDP,dns,6014,89,8261,59,0.573863303,1,1,True Threat
192.168.1.132,10.0.0.29,80,TCP,dns,2944,46,9172,62,0.280776462,0,1,True Threat
192.168.1.207,10.0.0.66,443,UDP,dns,6730,19,5843,3,0.295376716,0,1,False Threat
192.168.1.198,10.0.0.214,8080,UDP,https,9055,34,6896,75,0.194114369,1,1,False Threat
192.168.1.192,10.0.0.119,80,TCP,http,7913,40,3145,65,0.894321378,1,1,False Threat
192.168.1.153,10.0.0.49,443,TCP,https,3538,13,9769,31,0.42235287,0,1,False Threat
192.168.1.132,10.0.0.100,53,TCP,http,7291,10,8766,7,0.680091018,1,1,True Threat
192.168.1.70,10.0.0.218,443,TCP,http,5737,98,4289,96,0.349784393,0,1,True Threat
192.168.1.169,10.0.0.70,8080,UDP,dns,4414,50,2911,2,0.66160627,0,1,True Threat
192.168.1.178,10.0.0.72,80,TCP,http,5700,89,6663,99,0.534038821,1,1,True Threat
192.168.1.147,10.0.0.154,53,TCP,https,6631,62,6157,13,0.264391875,0,1,False Threat
192.168.1.136,10.0.0.179,443,UDP,https,241,8,2448,33,0.431357802,1,1,True Threat
192.168.1.47,10.0.0.44,80,UDP,dns,401,73,9270,35,0.409610451,0,1,False Threat
192.168.1.241,10.0.0.20,80,UDP,https,3047,1,1070,25,0.461123398,1,1,True Threat
192.168.1.245,10.0.0.99,53,TCP,dns,2596,42,8223,99,0.102105084,1,1,False Threat
192.168.1.82,10.0.0.81,443,TCP,http,8563,87,2753,31,0.31028715,1,1,True Threat
192.168.1.158,10.0.0.113,443,TCP,dns,3684,11,8233,70,0.10802907,1,1,True Threat
192.168.1.13,10.0.0.235,53,TCP,http,1867,95,8486,64,0.767325075,1,1,False Threat
192.168.1.119,10.0.0.122,80,TCP,dns,9003,9,7367,89,0.863414606,0,1,True Threat
192.168.1.47,10.0.0.172,53,TCP,dns,6177,22,6007,7,0.582659176,0,1,False Threat
192.168.1.119,10.0.0.196,53,TCP,https,2689,58,331,78,0.627930877,1,1,False Threat
192.168.1.116,10.0.0.175,8080,TCP,http,8394,70,6875,83,0.868687713,1,1,False Threat
192.168.1.88,10.0.0.65,53,UDP,dns,7738,28,3974,20,0.727294236,1,1,True Threat
192.168.1.154,10.0.0.149,53,UDP,https,7751,13,2742,57,0.511447172,0,1,True Threat
192.168.1.108,10.0.0.108,8080,UDP,http,2340,62,6170,97,0.237191103,1,1,True Threat
192.168.1.53,10.0.0.134,8080,UDP,dns,4687,44,8183,61,0.292487007,1,1,True Threat
192.168.1.111,10.0.0.25,53,UDP,https,3990,41,128,52,0.516051935,0,1,True Threat
192.168.1.77,10.0.0.254,443,TCP,https,4056,15,4020,43,0.65304269,0,1,False Threat
192.168.1.147,10.0.0.109,80,TCP,https,3341,33,5251,42,0.481281702,1,1,False Threat
192.168.1.5,10.0.0.204,443,TCP,http,1898,74,5285,77,0.705770809,0,1,False Threat
192.168.1.49,10.0.0.119,53,TCP,http,5124,59,8495,58,0.757321543,1,1,True Threat
192.168.1.38,10.0.0.66,53,TCP,dns,6879,4,7948,65,0.442931631,0,1,False Threat
192.168.1.117,10.0.0.209,443,UDP,http,5270,80,5521,61,0.814251084,0,1,False Threat
192.168.1.238,10.0.0.115,8080,UDP,dns,5612,97,9072,34,0.380419291,0,1,True Threat
192.168.1.110,10.0.0.143,53,TCP,http,8550,93,2637,44,0.197620409,1,1,False Threat
192.168.1.180,10.0.0.112,8080,UDP,http,3210,2,5024,57,0.593474073,0,1,False Threat
192.168.1.50,10.0.0.112,8080,UDP,dns,9564,18,2272,95,0.24102036,1,1,True Threat
192.168.1.4,10.0.0.233,8080,UDP,dns,9687,14,1046,59,0.660134128,1,1,False Threat
192.168.1.75,10.0.0.120,80,TCP,http,4690,42,6723,17,0.726125211,0,1,False Threat
192.168.1.85,10.0.0.148,8080,TCP,dns,1922,25,610,98,0.882006989,1,1,False Threat
192.168.1.66,10.0.0.72,8080,UDP,http,6607,69,4986,52,0.571459953,1,1,True Threat
192.168.1.120,10.0.0.237,53,TCP,dns,6567,72,261,60,0.32648173,1,1,False Threat
192.168.1.21,10.0.0.30,53,TCP,https,8930,70,3545,79,0.289281162,0,1,True Threat
192.168.1.209,10.0.0.164,53,TCP,dns,5586,21,2765,6,0.688036208,1,1,True Threat
192.168.1.43,10.0.0.226,80,TCP,http,5348,68,3537,96,0.797787875,0,1,True Threat
192.168.1.243,10.0.0.49,80,TCP,http,9848,66,2167,48,0.411307895,0,1,True Threat
192.168.1.155,10.0.0.81,80,UDP,https,6482,91,3439,1,0.094986747,0,1,True Threat
192.168.1.181,10.0.0.64,80,UDP,http,5390,41,2816,23,0.416083698,0,1,False Threat
192.168.1.49,10.0.0.217,443,UDP,http,455,47,8519,83,0.724047336,1,1,False Threat
192.168.1.3,10.0.0.251,53,TCP,dns,8088,33,3362,74,0.420079239,1,1,False Threat
192.168.1.117,10.0.0.62,53,UDP,dns,1831,43,1545,2,0.273219394,0,1,False Threat
192.168.1.109,10.0.0.107,80,UDP,dns,1493,85,8003,16,0.067438597,1,1,False Threat
192.168.1.125,10.0.0.46,443,UDP,https,9322,21,6531,45,0.517662325,1,1,False Threat
192.168.1.118,10.0.0.225,8080,TCP,http,5765,34,7671,13,0.576693487,1,1,True Threat
192.168.1.101,10.0.0.63,53,TCP,https,385,33,4809,43,0.920749123,1,1,True Threat
192.168.1.91,10.0.0.23,8080,TCP,http,1319,10,688,80,0.100306575,0,1,False Threat
192.168.1.69,10.0.0.226,443,UDP,http,6101,60,5300,53,0.972419417,1,1,False Threat
192.168.1.11,10.0.0.138,80,TCP,http,8722,64,2075,86,0.519528392,1,1,False Threat
192.168.1.13,10.0.0.6,53,UDP,https,1467,63,3714,29,0.991466142,0,1,True Threat
192.168.1.226,10.0.0.62,443,TCP,https,6276,29,6474,8,0.735277522,0,1,False Threat
192.168.1.166,10.0.0.171,80,UDP,http,1366,14,2535,20,0.683059592,1,1,True Threat
192.168.1.168,10.0.0.248,53,TCP,dns,3546,88,7653,7,0.224161892,1,1,False Threat
192.168.1.123,10.0.0.60,53,UDP,http,8061,13,7167,10,0.036582818,0,1,True Threat
192.168.1.34,10.0.0.18,53,UDP,https,2989,3,3919,27,0.660602279,1,1,True Threat
192.168.1.223,10.0.0.82,443,UDP,dns,3946,63,2135,92,0.345021593,0,1,True Threat
192.168.1.157,10.0.0.30,443,UDP,dns,5100,66,1973,77,0.148130145,0,1,False Threat
192.168.1.73,10.0.0.199,53,UDP,dns,848,91,8362,32,0.092895126,1,1,True Threat
192.168.1.19,10.0.0.29,80,UDP,http,4267,12,7473,48,0.180369633,1,1,True Threat
192.168.1.40,10.0.0.229,443,UDP,http,1032,59,9373,19,0.383421369,1,1,True Threat
192.168.1.235,10.0.0.229,80,TCP,http,8961,76,5458,27,0.397937505,0,1,True Threat
192.168.1.29,10.0.0.184,443,TCP,https,9722,73,9160,49,0.742037878,0,1,True Threat
192.168.1.153,10.0.0.243,8080,TCP,dns,6311,26,7772,78,0.526942374,1,1,False Threat
192.168.1.193,10.0.0.46,53,UDP,dns,3041,19,5100,53,0.441653719,0,0,False Threat
192.168.1.68,10.0.0.55,53,UDP,https,7648,23,4516,61,0.378582943,0,0,False Threat
192.168.1.196,10.0.0.139,53,TCP,dns,8119,86,9986,64,0.914802178,1,0,True Threat
192.168.1.104,10.0.0.196,8080,TCP,http,6193,47,6090,95,0.333868339,0,0,True Threat
192.168.1.212,10.0.0.220,80,TCP,http,601,57,6010,12,0.155534326,0,0,False Threat
192.168.1.22,10.0.0.100,80,TCP,http,9016,35,2721,61,0.59618939,1,0,True Threat
192.168.1.243,10.0.0.186,443,UDP,dns,3692,61,6542,14,0.72413958,1,0,True Threat
192.168.1.217,10.0.0.51,53,TCP,dns,9004,29,9769,6,0.977741171,0,0,True Threat
192.168.1.89,10.0.0.243,443,TCP,https,1435,60,6393,58,0.778974639,0,0,True Threat
192.168.1.40,10.0.0.129,80,UDP,https,348,58,9484,62,0.544855186,0,0,True Threat
192.168.1.88,10.0.0.229,53,UDP,https,4281,75,7689,2,0.452060888,0,0,False Threat
192.168.1.166,10.0.0.226,53,UDP,http,4553,56,7050,18,0.093844708,0,0,True Threat
192.168.1.26,10.0.0.141,443,UDP,dns,1466,86,7262,53,0.288684669,0,0,True Threat
192.168.1.78,10.0.0.16,443,UDP,https,2509,96,7956,53,0.508067303,1,0,True Threat
192.168.1.10,10.0.0.34,80,TCP,https,7407,92,6381,19,0.949050818,1,0,True Threat
192.168.1.149,10.0.0.152,53,TCP,https,4263,91,9056,22,0.597313006,1,0,True Threat
192.168.1.116,10.0.0.141,8080,TCP,https,5121,24,1792,23,0.706996251,1,0,False Threat
192.168.1.209,10.0.0.134,80,TCP,https,9525,72,7303,31,0.595638382,0,0,False Threat
192.168.1.80,10.0.0.11,80,TCP,http,2623,95,9219,4,0.030986175,1,0,False Threat
192.168.1.100,10.0.0.103,80,TCP,http,9999,70,211,35,0.63356846,1,0,True Threat
192.168.1.217,10.0.0.167,443,TCP,https,2199,38,9893,95,0.010807357,0,0,False Threat
192.168.1.178,10.0.0.76,443,TCP,http,3145,23,701,77,0.4445732,1,0,False Threat
192.168.1.30,10.0.0.86,443,TCP,http,4503,19,6586,50,0.88284083,0,0,False Threat
192.168.1.143,10.0.0.179,8080,TCP,https,3521,31,3457,37,0.159997541,0,0,True Threat
192.168.1.33,10.0.0.3,80,UDP,dns,6108,3,5544,7,0.341768767,1,0,False Threat
192.168.1.10,10.0.0.158,53,UDP,http,884,19,1808,82,0.067980935,1,0,True Threat
192.168.1.32,10.0.0.134,53,UDP,http,5624,91,2103,37,0.859774181,1,0,False Threat
192.168.1.203,10.0.0.117,80,UDP,https,9244,61,3081,1,0.613480256,1,0,False Threat
192.168.1.152,10.0.0.236,80,UDP,https,8079,32,9845,42,0.173849354,0,0,True Threat
192.168.1.115,10.0.0.80,8080,UDP,dns,3525,48,9630,92,0.865650359,1,0,False Threat
192.168.1.184,10.0.0.63,8080,UDP,http,6524,1,6875,27,0.980714925,1,0,True Threat
192.168.1.29,10.0.0.77,80,UDP,dns,3516,46,6791,35,0.618942754,0,0,False Threat
192.168.1.129,10.0.0.150,80,TCP,https,7585,93,7824,83,0.67784849,0,0,True Threat
192.168.1.54,10.0.0.19,443,UDP,dns,4310,37,8552,30,0.239836458,0,0,True Threat
192.168.1.134,10.0.0.90,53,TCP,http,3472,31,7978,81,0.409340857,1,0,False Threat
192.168.1.39,10.0.0.14,53,UDP,dns,6637,34,2369,62,0.966806156,1,0,True Threat
192.168.1.80,10.0.0.106,443,UDP,dns,7403,89,789,70,0.604011305,0,0,True Threat
192.168.1.32,10.0.0.41,53,UDP,https,7051,20,1732,54,0.520356144,0,0,False Threat
192.168.1.121,10.0.0.155,53,TCP,http,1998,3,4452,43,0.174370303,0,0,False Threat
192.168.1.66,10.0.0.134,8080,TCP,dns,9397,50,362,75,0.682308864,0,0,False Threat
192.168.1.36,10.0.0.38,443,UDP,dns,454,82,9345,44,0.151916287,1,0,False Threat
192.168.1.103,10.0.0.60,8080,TCP,https,7708,90,841,12,0.370205232,1,0,False Threat
192.168.1.120,10.0.0.114,80,UDP,https,7371,79,8423,72,0.071562529,1,0,False Threat
192.168.1.175,10.0.0.97,53,UDP,http,8602,80,516,18,0.242378273,0,0,False Threat
192.168.1.92,10.0.0.209,8080,TCP,dns,1811,12,3014,38,0.993508255,1,0,True Threat
192.168.1.129,10.0.0.33,8080,UDP,dns,9920,55,8098,33,0.23997009,1,0,True Threat
192.168.1.100,10.0.0.139,80,UDP,https,2355,70,1959,5,0.616543319,0,0,False Threat
192.168.1.122,10.0.0.65,8080,TCP,dns,9558,42,3462,60,0.411243408,0,0,False Threat
192.168.1.171,10.0.0.158,80,UDP,https,153,61,9926,96,0.111859589,1,0,False Threat
192.168.1.69,10.0.0.151,53,UDP,dns,7615,13,6831,65,0.000947311,0,0,True Threat
192.168.1.197,10.0.0.134,443,TCP,dns,1797,38,6357,26,0.356847565,0,0,True Threat
192.168.1.48,10.0.0.37,53,UDP,http,9196,83,6455,30,0.648442065,1,0,False Threat
192.168.1.128,10.0.0.84,443,UDP,http,2194,74,9150,8,0.563259624,1,0,False Threat
192.168.1.132,10.0.0.229,443,TCP,http,5049,54,3634,7,0.575323562,1,0,False Threat
192.168.1.205,10.0.0.6,8080,TCP,dns,7744,41,206,32,0.11013837,1,0,False Threat
192.168.1.101,10.0.0.93,80,UDP,http,370,9,8757,60,0.87943988,0,0,False Threat
192.168.1.181,10.0.0.205,53,UDP,https,4630,1,1348,68,0.722768172,1,0,False Threat
192.168.1.233,10.0.0.155,53,TCP,dns,8777,33,4719,5,0.307560422,1,0,False Threat
192.168.1.144,10.0.0.84,8080,UDP,dns,5398,21,8614,77,0.393176776,1,0,False Threat
192.168.1.187,10.0.0.136,443,UDP,http,8972,63,6440,34,0.605758663,1,0,True Threat
192.168.1.24,10.0.0.181,80,TCP,http,6999,55,6030,34,0.073712808,0,0,True Threat
192.168.1.208,10.0.0.81,443,TCP,dns,1022,82,2335,30,0.83358711,0,0,True Threat
192.168.1.118,10.0.0.1,80,UDP,http,9845,10,7115,87,0.138261758,0,0,False Threat
192.168.1.50,10.0.0.75,53,TCP,http,2447,71,8149,94,0.966944568,0,0,True Threat
192.168.1.170,10.0.0.132,8080,UDP,dns,4421,36,1041,68,0.61238576,1,0,True Threat
192.168.1.164,10.0.0.62,80,TCP,http,4938,84,4503,92,0.482534735,0,0,True Threat
192.168.1.193,10.0.0.68,80,UDP,http,4983,39,2486,41,0.961752173,1,0,False Threat
192.168.1.96,10.0.0.145,80,UDP,https,4586,66,1019,14,0.956162727,0,0,False Threat
192.168.1.198,10.0.0.113,80,UDP,dns,7273,34,3438,91,0.512781877,1,0,True Threat
192.168.1.95,10.0.0.202,80,UDP,dns,3368,98,4017,45,0.153270198,0,0,True Threat
192.168.1.114,10.0.0.117,8080,TCP,dns,5035,4,1264,99,0.377708279,0,0,False Threat
192.168.1.179,10.0.0.230,80,TCP,dns,1339,87,7276,49,0.732898473,1,0,False Threat
192.168.1.37,10.0.0.57,8080,UDP,http,5912,51,2135,26,0.414446221,0,0,False Threat
192.168.1.163,10.0.0.63,443,UDP,dns,3550,34,3041,61,0.021666838,0,0,False Threat
192.168.1.49,10.0.0.185,8080,TCP,dns,6906,4,4970,38,0.814366285,0,0,False Threat
192.168.1.94,10.0.0.49,53,TCP,https,5773,78,1539,32,0.790286044,1,0,False Threat
192.168.1.132,10.0.0.146,8080,TCP,http,4970,35,9179,16,0.638064079,0,0,False Threat
192.168.1.99,10.0.0.118,8080,TCP,dns,8855,80,8953,87,0.819184593,1,0,False Threat
192.168.1.43,10.0.0.186,443,UDP,dns,779,44,369,98,0.041917594,1,0,True Threat
192.168.1.232,10.0.0.191,53,UDP,http,5308,42,640,29,0.135375979,1,0,True Threat
192.168.1.202,10.0.0.231,8080,UDP,https,5823,10,4606,21,0.689126513,1,0,True Threat
192.168.1.128,10.0.0.207,8080,TCP,dns,8286,12,406,37,0.648490488,0,0,True Threat
192.168.1.1,10.0.0.162,443,UDP,https,968,26,9843,9,0.097192056,1,0,False Threat
192.168.1.187,10.0.0.72,8080,TCP,https,3250,97,5750,61,0.962743304,1,0,True Threat
192.168.1.122,10.0.0.8,443,UDP,http,2698,45,8826,85,0.50024792,1,0,False Threat
192.168.1.124,10.0.0.247,80,UDP,https,8216,30,6135,34,0.428284078,1,0,True Threat
192.168.1.196,10.0.0.81,53,UDP,https,8159,62,1057,39,0.480420556,1,0,True Threat
192.168.1.175,10.0.0.48,8080,UDP,https,313,88,6623,81,0.856104609,1,0,False Threat
192.168.1.149,10.0.0.115,8080,TCP,https,1505,64,2933,37,0.392008688,0,0,True Threat
192.168.1.210,10.0.0.12,8080,TCP,http,6100,30,5324,16,0.140457103,0,0,True Threat
192.168.1.59,10.0.0.91,443,UDP,dns,3864,34,419,54,0.396069563,1,0,True Threat
192.168.1.11,10.0.0.82,8080,UDP,https,4219,73,8376,78,0.287246336,1,0,True Threat
192.168.1.87,10.0.0.164,443,UDP,https,8636,89,8735,74,0.889635661,1,0,True Threat
192.168.1.44,10.0.0.72,53,TCP,http,6589,63,3211,30,0.591270384,0,0,False Threat
192.168.1.3,10.0.0.113,80,UDP,dns,453,38,6552,84,0.773350833,1,0,True Threat
192.168.1.52,10.0.0.166,53,UDP,https,5674,75,660,97,0.446610699,1,0,True Threat
192.168.1.81,10.0.0.69,80,TCP,http,7844,97,9602,35,0.929211105,0,0,True Threat
192.168.1.129,10.0.0.102,80,TCP,http,9647,86,6532,54,0.030675175,1,0,True Threat
192.168.1.39,10.0.0.20,443,UDP,https,4002,78,9465,37,0.744365449,0,0,True Threat
192.168.1.116,10.0.0.210,80,UDP,http,1661,41,4421,18,0.751282227,1,0,True Threat
192.168.1.185,10.0.0.198,80,UDP,https,4105,14,3376,59,0.27396557,0,0,False Threat
192.168.1.189,10.0.0.125,8080,UDP,https,5096,28,8856,96,0.376575985,0,0,False Threat
192.168.1.233,10.0.0.101,8080,UDP,dns,9056,35,2638,88,0.965157501,1,0,True Threat
192.168.1.31,10.0.0.254,443,TCP,dns,3184,56,2496,18,0.577102128,0,0,False Threat
192.168.1.126,10.0.0.134,53,TCP,dns,113,49,9202,8,0.952949396,1,0,False Threat
192.168.1.95,10.0.0.249,443,UDP,https,5476,18,3416,31,0.471510852,0,0,False Threat
192.168.1.227,10.0.0.169,80,TCP,https,508,97,7201,31,0.847446267,0,0,False Threat
192.168.1.14,10.0.0.31,443,TCP,https,6911,12,6658,26,0.739429205,0,0,True Threat
192.168.1.41,10.0.0.5,443,TCP,dns,5436,71,4839,74,0.947820173,1,0,True Threat
192.168.1.20,10.0.0.107,53,UDP,dns,9724,34,7300,21,0.195139522,0,0,True Threat
192.168.1.96,10.0.0.75,8080,TCP,https,5987,52,7819,58,0.648494497,0,0,True Threat
192.168.1.155,10.0.0.196,443,UDP,dns,8658,70,5970,16,0.487882467,0,0,True Threat
192.168.1.181,10.0.0.230,80,UDP,https,8097,11,830,39,0.16999181,1,0,False Threat
192.168.1.237,10.0.0.94,8080,TCP,dns,4844,42,5645,12,0.290043717,0,0,True Threat
192.168.1.5,10.0.0.210,80,UDP,https,5960,99,7653,91,0.890614421,1,0,True Threat
192.168.1.140,10.0.0.60,8080,UDP,dns,9247,7,5868,18,0.391409039,1,0,True Threat
192.168.1.206,10.0.0.30,443,UDP,http,4295,5,8527,3,0.919702986,0,0,True Threat
192.168.1.122,10.0.0.226,8080,UDP,http,8496,64,4304,59,0.018156168,1,0,True Threat
192.168.1.153,10.0.0.217,443,TCP,https,4403,23,402,90,0.581872517,0,0,True Threat
192.168.1.150,10.0.0.100,53,UDP,https,3505,50,3333,97,0.278240921,1,0,True Threat
192.168.1.111,10.0.0.168,443,UDP,http,9957,27,4672,77,0.526450843,1,0,False Threat
192.168.1.26,10.0.0.158,53,TCP,https,8715,57,4798,50,0.768854713,0,0,False Threat
192.168.1.84,10.0.0.38,80,TCP,https,5830,92,8656,23,0.648016645,0,0,True Threat
192.168.1.161,10.0.0.155,53,TCP,https,3603,1,9968,50,0.463078314,0,0,True Threat
192.168.1.229,10.0.0.218,53,UDP,http,2045,62,7515,81,0.903995977,0,0,False Threat
192.168.1.32,10.0.0.102,443,TCP,https,8014,28,1749,67,0.486355975,0,0,False Threat
192.168.1.14,10.0.0.42,80,UDP,https,8299,10,1884,94,0.544327472,0,0,False Threat
192.168.1.72,10.0.0.146,80,UDP,dns,9557,39,8784,46,0.821699685,0,0,False Threat
192.168.1.153,10.0.0.113,443,TCP,https,8842,70,3540,35,0.417544193,1,0,False Threat
192.168.1.42,10.0.0.111,8080,UDP,http,2697,63,514,51,0.75377143,1,0,False Threat
192.168.1.19,10.0.0.198,53,UDP,dns,9941,13,8580,95,0.805151084,0,0,False Threat
192.168.1.41,10.0.0.119,80,TCP,dns,9929,67,1465,68,0.290479236,0,0,False Threat
192.168.1.183,10.0.0.148,8080,TCP,dns,9768,60,4057,98,0.785983395,1,0,False Threat
192.168.1.12,10.0.0.23,443,UDP,dns,4128,25,5557,60,0.49584304,0,0,True Threat
192.168.1.167,10.0.0.110,8080,TCP,https,3422,94,3317,20,0.297463674,1,0,False Threat
192.168.1.94,10.0.0.12,80,TCP,dns,3499,97,4598,76,0.043443036,0,0,False Threat
192.168.1.250,10.0.0.162,53,TCP,http,1545,5,6109,51,0.452609243,0,0,False Threat
192.168.1.119,10.0.0.27,8080,TCP,http,9566,46,8663,48,0.643264344,0,0,False Threat
192.168.1.45,10.0.0.49,53,TCP,dns,3093,93,9261,77,0.300514126,0,0,False Threat
192.168.1.126,10.0.0.240,53,TCP,https,8907,73,5197,50,0.216447962,1,0,True Threat
192.168.1.25,10.0.0.183,53,UDP,https,9964,17,5783,29,0.043125522,1,0,True Threat
192.168.1.68,10.0.0.97,8080,TCP,dns,1910,87,5896,85,0.905194577,0,0,False Threat
192.168.1.211,10.0.0.101,53,UDP,dns,523,80,788,97,0.41452154,0,0,True Threat
192.168.1.235,10.0.0.150,443,UDP,https,716,86,9810,57,0.524890349,1,0,False Threat
192.168.1.205,10.0.0.3,80,TCP,dns,3787,88,4613,57,0.548007591,1,0,False Threat
192.168.1.231,10.0.0.9,80,UDP,https,4805,98,8258,46,0.719929471,1,0,False Threat
192.168.1.36,10.0.0.11,80,TCP,https,5223,67,9682,3,0.485211541,1,0,False Threat
192.168.1.190,10.0.0.39,53,TCP,http,2108,91,5435,74,0.327455762,0,0,True Threat
192.168.1.44,10.0.0.194,53,UDP,https,4565,16,766,35,0.329047188,1,0,True Threat
192.168.1.12,10.0.0.60,8080,UDP,dns,9142,6,2642,57,0.769315655,0,0,False Threat
192.168.1.213,10.0.0.134,8080,TCP,http,5903,55,935,43,0.702286418,0,0,True Threat
192.168.1.139,10.0.0.6,53,TCP,https,2729,52,7525,46,0.584923586,1,0,True Threat
192.168.1.183,10.0.0.39,443,TCP,http,6668,35,7814,75,0.527928354,1,0,True Threat
192.168.1.126,10.0.0.178,53,UDP,dns,3206,45,2158,98,0.805112457,0,0,True Threat
192.168.1.112,10.0.0.85,53,UDP,http,8898,21,3818,94,0.330783832,0,0,True Threat
192.168.1.3,10.0.0.10,443,UDP,http,6035,47,2446,75,0.78817007,1,0,True Threat
192.168.1.54,10.0.0.95,8080,UDP,http,568,12,5536,77,0.855859001,0,0,True Threat
192.168.1.52,10.0.0.131,443,TCP,dns,5921,71,2818,22,0.889682933,1,0,True Threat
192.168.1.149,10.0.0.132,53,UDP,dns,1146,35,8300,96,0.145148522,0,0,False Threat
192.168.1.182,10.0.0.78,443,TCP,https,5040,42,5411,13,0.607539207,0,0,True Threat
192.168.1.68,10.0.0.142,8080,UDP,http,7608,75,8667,67,0.635853724,0,0,False Threat
192.168.1.132,10.0.0.22,53,TCP,dns,8997,94,4864,54,0.870737554,1,0,True Threat
192.168.1.219,10.0.0.171,443,TCP,https,8079,20,5303,99,0.120165379,1,0,False Threat
192.168.1.179,10.0.0.123,8080,UDP,dns,9127,8,6615,82,0.534152773,1,0,True Threat
192.168.1.109,10.0.0.186,53,TCP,https,6465,58,4375,69,0.522203169,0,0,False Threat
192.168.1.4,10.0.0.146,8080,TCP,dns,9325,17,6487,27,0.465084279,0,0,True Threat
192.168.1.32,10.0.0.102,8080,TCP,dns,666,71,3778,41,0.507924426,0,0,True Threat
192.168.1.139,10.0.0.245,53,TCP,dns,5854,80,9599,3,0.94982863,0,0,False Threat
192.168.1.98,10.0.0.12,443,TCP,dns,9698,30,8970,79,0.374786177,1,0,True Threat
192.168.1.45,10.0.0.227,53,UDP,dns,3675,75,910,75,0.430002652,1,0,False Threat
192.168.1.163,10.0.0.239,53,UDP,https,5705,32,8729,91,0.244586053,0,0,True Threat
192.168.1.89,10.0.0.148,443,TCP,https,669,82,1490,47,0.077001025,1,0,False Threat
192.168.1.34,10.0.0.113,443,TCP,dns,3839,37,1750,40,0.696543884,0,0,False Threat
192.168.1.134,10.0.0.12,8080,TCP,https,4690,62,1541,54,0.487875882,1,0,True Threat
192.168.1.233,10.0.0.226,53,TCP,http,8535,82,8380,15,0.238599972,0,0,True Threat
192.168.1.35,10.0.0.46,80,UDP,https,6702,48,9677,22,0.63536946,0,0,False Threat
192.168.1.198,10.0.0.7,443,UDP,http,9781,55,2229,37,0.64899643,1,0,True Threat
192.168.1.191,10.0.0.39,53,UDP,http,1413,12,6721,8,0.956642658,1,0,True Threat
192.168.1.137,10.0.0.52,443,UDP,https,220,49,8119,85,0.370866918,1,0,True Threat
192.168.1.130,10.0.0.152,443,UDP,dns,7856,17,5197,3,0.996196613,1,0,False Threat
192.168.1.113,10.0.0.4,80,TCP,https,1510,73,1967,33,0.003409765,1,0,False Threat
192.168.1.36,10.0.0.91,443,UDP,http,836,34,6251,19,0.207887742,0,0,True Threat
192.168.1.121,10.0.0.175,8080,UDP,http,5180,49,1193,52,0.085354537,1,0,False Threat
192.168.1.92,10.0.0.123,53,UDP,https,5545,15,433,48,0.892332426,0,0,True Threat
192.168.1.117,10.0.0.3,53,TCP,http,571,66,530,18,0.794093507,1,0,True Threat
192.168.1.37,10.0.0.134,80,TCP,https,3794,47,5252,67,0.916042149,0,0,True Threat
192.168.1.177,10.0.0.122,443,TCP,dns,7224,96,9856,55,0.955111234,0,0,False Threat
192.168.1.68,10.0.0.16,8080,UDP,dns,3144,65,5313,43,0.24563986,1,0,False Threat
192.168.1.253,10.0.0.164,443,TCP,dns,5960,41,7246,22,0.558174078,0,0,True Threat
192.168.1.36,10.0.0.181,443,TCP,dns,2995,65,7085,50,0.899566103,1,0,True Threat
192.168.1.115,10.0.0.104,443,TCP,http,6665,93,2453,46,0.444168568,1,0,True Threat
192.168.1.31,10.0.0.119,443,TCP,http,8410,32,9823,8,0.991226873,1,0,True Threat
192.168.1.242,10.0.0.180,8080,TCP,http,1809,29,3386,74,0.869176964,0,0,True Threat
192.168.1.147,10.0.0.250,80,UDP,https,4024,84,1622,19,0.736157714,0,0,True Threat
192.168.1.18,10.0.0.180,80,TCP,dns,9182,97,4382,61,0.870070536,1,0,True Threat
192.168.1.85,10.0.0.184,80,TCP,dns,9339,69,5876,79,0.546688842,1,0,True Threat
192.168.1.254,10.0.0.114,80,TCP,https,7032,82,2934,5,0.918880085,1,0,False Threat
192.168.1.3,10.0.0.140,53,TCP,http,6507,94,178,93,0.204310302,1,0,True Threat
192.168.1.118,10.0.0.89,80,UDP,https,5688,85,8154,67,0.584949195,1,0,True Threat
192.168.1.254,10.0.0.252,8080,UDP,http,3255,48,3905,14,0.859599202,0,0,True Threat
192.168.1.112,10.0.0.249,8080,UDP,https,5748,42,5055,97,0.343200525,1,0,False Threat
192.168.1.168,10.0.0.116,443,TCP,dns,3197,29,8095,54,0.649827711,0,0,False Threat
192.168.1.40,10.0.0.215,53,TCP,http,4318,33,9217,70,0.882422584,0,0,True Threat
192.168.1.204,10.0.0.186,443,TCP,dns,9012,13,7956,77,0.324243018,0,0,False Threat
192.168.1.151,10.0.0.94,443,TCP,http,5109,89,3489,43,0.578026686,1,0,False Threat
192.168.1.146,10.0.0.140,80,UDP,http,7584,74,4701,6,0.38604907,1,0,False Threat
192.168.1.199,10.0.0.207,443,TCP,dns,4693,61,4287,53,0.511098028,1,0,True Threat
192.168.1.19,10.0.0.218,8080,TCP,dns,525,46,213,60,0.267094075,0,0,True Threat
192.168.1.178,10.0.0.136,8080,TCP,http,8659,35,9631,84,0.262936202,0,0,True Threat
192.168.1.94,10.0.0.79,8080,TCP,dns,8329,30,920,27,0.756998202,0,0,False Threat
192.168.1.150,10.0.0.202,8080,TCP,dns,6127,64,8412,76,0.850849809,0,0,True Threat
192.168.1.202,10.0.0.12,443,UDP,http,9213,23,5142,83,0.003552675,1,0,True Threat
192.168.1.243,10.0.0.61,8080,TCP,dns,3550,65,8233,65,0.170518011,0,0,True Threat
192.168.1.225,10.0.0.124,8080,UDP,http,1558,27,6715,62,0.398757542,1,0,True Threat
192.168.1.220,10.0.0.104,53,UDP,dns,4829,69,7225,55,0.836803086,1,0,True Threat
192.168.1.236,10.0.0.130,80,UDP,dns,6270,10,7330,57,0.913779814,0,0,True Threat
192.168.1.187,10.0.0.29,8080,UDP,http,1903,6,2105,29,0.365498634,0,0,True Threat
192.168.1.129,10.0.0.193,8080,UDP,https,7211,2,9370,99,0.732865531,1,0,False Threat
192.168.1.107,10.0.0.137,53,TCP,https,2180,6,9810,65,0.798987206,1,0,True Threat
192.168.1.52,10.0.0.184,53,UDP,http,8420,9,6579,59,0.050259829,1,0,False Threat
192.168.1.94,10.0.0.217,53,UDP,http,8091,76,8292,25,0.647787436,1,0,False Threat
192.168.1.73,10.0.0.112,53,UDP,http,7941,27,1011,46,0.292138472,1,0,True Threat
192.168.1.14,10.0.0.12,8080,TCP,https,4267,23,526,73,0.065560443,0,0,True Threat
192.168.1.82,10.0.0.104,53,TCP,dns,1596,39,818,25,0.351876682,1,0,True Threat
192.168.1.184,10.0.0.238,53,TCP,dns,8134,20,8544,40,0.617159471,0,0,True Threat
192.168.1.221,10.0.0.145,8080,UDP,https,2890,94,3289,47,0.695075627,0,0,False Threat
192.168.1.26,10.0.0.17,53,TCP,https,9407,89,3387,27,0.580770814,0,0,False Threat
192.168.1.33,10.0.0.34,80,UDP,dns,3665,58,2145,80,0.503884628,0,0,False Threat
192.168.1.15,10.0.0.173,80,UDP,http,5837,70,4220,2,0.115959892,1,0,True Threat
192.168.1.215,10.0.0.231,443,TCP,dns,9777,45,4746,29,0.612047013,0,0,True Threat
192.168.1.211,10.0.0.206,53,UDP,dns,3613,80,8434,77,0.889460892,1,0,False Threat
192.168.1.69,10.0.0.107,53,UDP,http,6240,1,7349,98,0.915967228,1,0,True Threat
192.168.1.23,10.0.0.84,443,UDP,http,2674,52,798,2,0.577368727,0,0,True Threat
192.168.1.123,10.0.0.161,8080,TCP,https,9108,46,340,47,0.140468145,1,0,False Threat
192.168.1.84,10.0.0.152,53,TCP,dns,4269,23,463,95,0.930436572,1,0,True Threat
192.168.1.6,10.0.0.230,53,TCP,http,3020,4,4716,89,0.926381716,0,0,True Threat
192.168.1.137,10.0.0.80,80,TCP,dns,2692,36,736,55,0.22487074,1,0,False Threat
192.168.1.208,10.0.0.84,80,UDP,https,5917,20,7538,46,0.418755746,0,0,False Threat
192.168.1.140,10.0.0.250,80,TCP,http,768,4,9479,86,0.603204853,1,0,False Threat
192.168.1.168,10.0.0.174,80,TCP,https,4968,73,7461,23,0.938719105,1,0,False Threat
192.168.1.174,10.0.0.245,443,TCP,dns,5437,16,9610,74,0.005544388,0,0,True Threat
192.168.1.27,10.0.0.106,80,TCP,dns,5954,9,9500,93,0.856327587,1,0,True Threat
192.168.1.75,10.0.0.81,53,TCP,https,6575,53,4527,60,0.581891973,0,0,True Threat
192.168.1.239,10.0.0.22,53,TCP,http,5414,11,2433,29,0.641630341,1,0,False Threat
192.168.1.178,10.0.0.223,443,UDP,dns,5551,45,5192,11,0.569448396,0,0,False Threat
192.168.1.228,10.0.0.65,80,UDP,dns,1773,23,9519,20,0.192236007,1,0,False Threat
192.168.1.106,10.0.0.130,8080,UDP,https,2910,13,9421,80,0.227461824,0,0,True Threat
192.168.1.118,10.0.0.97,53,TCP,https,8938,54,7487,25,0.28262348,1,0,False Threat
192.168.1.52,10.0.0.252,443,TCP,dns,5503,41,7480,51,0.451415747,1,0,True Threat
192.168.1.159,10.0.0.211,53,TCP,dns,4884,42,8693,53,0.539512448,0,0,False Threat
192.168.1.56,10.0.0.16,53,UDP,dns,1161,53,5788,71,0.077166744,1,0,True Threat
192.168.1.174,10.0.0.28,443,TCP,https,8029,22,2345,93,0.765622931,1,0,False Threat
192.168.1.194,10.0.0.58,53,UDP,https,266,77,3856,59,0.82559606,0,0,False Threat
192.168.1.71,10.0.0.59,80,TCP,https,9197,8,9300,6,0.900332885,1,0,True Threat
192.168.1.54,10.0.0.205,53,TCP,http,1639,75,6683,50,0.519677217,0,0,False Threat
192.168.1.95,10.0.0.147,8080,TCP,http,2997,58,9043,34,0.796797952,0,0,True Threat
192.168.1.155,10.0.0.21,53,UDP,http,815,47,5796,51,0.56047153,1,0,False Threat
192.168.1.164,10.0.0.184,80,UDP,http,7897,37,5122,86,0.498183332,0,0,False Threat
192.168.1.202,10.0.0.92,80,UDP,dns,5749,39,6528,48,0.825703912,0,0,False Threat
192.168.1.14,10.0.0.16,443,TCP,dns,8243,46,2753,47,0.146614153,0,0,False Threat
192.168.1.71,10.0.0.88,53,UDP,https,5513,45,8982,5,0.396854895,0,0,False Threat
192.168.1.168,10.0.0.78,443,UDP,https,235,70,6323,78,0.959884801,1,0,True Threat
192.168.1.137,10.0.0.158,8080,UDP,http,7825,65,5071,74,0.763692358,1,0,False Threat
192.168.1.249,10.0.0.111,8080,UDP,https,8175,71,6516,36,0.342428807,1,0,True Threat
192.168.1.209,10.0.0.133,80,TCP,http,9866,18,3709,6,0.882689108,1,0,True Threat
192.168.1.23,10.0.0.194,443,TCP,dns,5004,18,3115,57,0.173608656,1,0,False Threat
192.168.1.9,10.0.0.58,8080,TCP,https,5632,74,424,90,0.781809894,1,0,False Threat
192.168.1.228,10.0.0.209,8080,TCP,dns,5192,13,4471,93,0.549085828,0,0,True Threat
192.168.1.213,10.0.0.195,80,TCP,dns,4596,4,5401,36,0.208112486,1,0,False Threat
192.168.1.218,10.0.0.176,53,TCP,https,4462,77,1991,93,0.417665197,0,0,False Threat
192.168.1.195,10.0.0.18,53,UDP,https,8452,38,5435,96,0.569180339,1,0,False Threat
192.168.1.145,10.0.0.167,443,UDP,dns,6350,62,3122,26,0.818815784,1,0,True Threat
192.168.1.57,10.0.0.65,53,UDP,dns,5951,6,1768,19,0.475341609,0,0,True Threat
192.168.1.238,10.0.0.237,53,TCP,dns,1085,19,1736,61,0.622811359,1,0,True Threat
192.168.1.152,10.0.0.151,80,UDP,https,9976,19,7490,91,0.032836038,1,0,False Threat
192.168.1.101,10.0.0.163,8080,UDP,https,7528,11,2745,69,0.702164265,0,0,False Threat
192.168.1.88,10.0.0.247,8080,UDP,http,9852,27,3195,6,0.083437207,1,0,True Threat
192.168.1.31,10.0.0.150,80,TCP,https,8997,5,3236,97,0.225810088,1,0,False Threat
192.168.1.55,10.0.0.35,53,UDP,https,715,90,4671,1,0.417848084,1,0,True Threat
192.168.1.186,10.0.0.45,8080,TCP,http,1652,73,1330,85,0.23161122,0,0,False Threat
192.168.1.116,10.0.0.156,443,TCP,https,7276,92,3243,13,0.800456032,0,0,False Threat
192.168.1.120,10.0.0.49,443,UDP,dns,9636,3,7087,4,0.025121101,0,0,True Threat
192.168.1.247,10.0.0.69,443,TCP,https,4686,11,8899,49,0.729554103,0,0,False Threat
192.168.1.138,10.0.0.95,80,TCP,https,4006,85,6497,37,0.849626557,1,0,True Threat
192.168.1.84,10.0.0.103,8080,UDP,dns,8337,55,4862,61,0.857387747,1,0,True Threat
192.168.1.118,10.0.0.222,443,TCP,https,293,37,2387,88,0.139310402,1,0,False Threat
192.168.1.241,10.0.0.61,53,TCP,https,8903,29,8708,68,0.461675879,0,0,True Threat
192.168.1.127,10.0.0.180,8080,TCP,http,6662,47,2060,70,0.179259578,0,0,True Threat
192.168.1.66,10.0.0.74,53,TCP,dns,1013,88,7320,76,0.33172383,0,0,False Threat
192.168.1.37,10.0.0.193,8080,UDP,dns,7015,93,7643,63,0.16252038,0,0,True Threat
192.168.1.209,10.0.0.146,53,TCP,dns,746,79,7697,80,0.797255723,0,0,False Threat
192.168.1.113,10.0.0.169,8080,TCP,http,1825,21,4026,95,0.257142294,0,0,False Threat
192.168.1.223,10.0.0.144,80,TCP,http,9376,60,4963,44,0.746540053,0,0,False Threat
192.168.1.44,10.0.0.18,443,TCP,http,2866,97,865,82,0.956906029,1,0,False Threat
192.168.1.160,10.0.0.146,443,UDP,http,3213,31,9420,42,0.17713729,1,0,False Threat
192.168.1.10,10.0.0.74,8080,UDP,dns,5079,62,3198,50,0.05201648,1,0,False Threat
192.168.1.189,10.0.0.30,443,UDP,https,9774,29,9981,82,0.319467414,0,0,False Threat
192.168.1.92,10.0.0.196,80,UDP,http,2494,57,1346,16,0.848357949,1,0,False Threat
192.168.1.164,10.0.0.209,53,UDP,http,4824,93,7551,43,0.406701201,1,0,True Threat
192.168.1.84,10.0.0.227,53,TCP,dns,311,57,1316,90,0.912466737,1,0,False Threat
192.168.1.114,10.0.0.91,8080,TCP,dns,5712,87,9723,46,0.554795782,1,0,True Threat
192.168.1.75,10.0.0.101,443,TCP,http,3335,97,2584,16,0.423773864,1,0,True Threat
192.168.1.227,10.0.0.135,53,TCP,https,7836,8,1321,63,0.321921449,1,0,True Threat
192.168.1.172,10.0.0.82,53,TCP,dns,8465,22,5699,36,0.980462177,0,0,True Threat
192.168.1.141,10.0.0.119,8080,TCP,http,6770,20,3890,57,0.051643497,0,0,True Threat
192.168.1.130,10.0.0.120,8080,UDP,http,6814,38,6436,93,0.340416025,0,0,True Threat
192.168.1.114,10.0.0.28,8080,UDP,http,1002,89,3513,28,0.507356168,0,0,False Threat
192.168.1.129,10.0.0.52,53,UDP,http,463,84,9564,42,0.07313329,1,0,True Threat
192.168.1.40,10.0.0.79,443,UDP,http,842,56,8053,3,0.0918397,0,0,True Threat
192.168.1.37,10.0.0.96,443,TCP,dns,8449,45,5009,89,0.465405187,1,0,False Threat
192.168.1.227,10.0.0.224,53,UDP,https,4636,58,2735,91,0.797375542,0,0,False Threat
192.168.1.122,10.0.0.163,443,UDP,dns,4038,34,4860,77,0.515893313,0,0,True Threat
192.168.1.169,10.0.0.187,8080,TCP,dns,9097,30,2139,27,0.89756103,0,0,True Threat
192.168.1.189,10.0.0.128,53,TCP,https,9998,86,5881,16,0.302431353,0,0,True Threat
192.168.1.29,10.0.0.210,80,UDP,http,5577,39,7756,16,0.212442746,0,0,True Threat
192.168.1.27,10.0.0.112,53,TCP,https,4457,82,6170,86,0.28318371,1,0,False Threat
192.168.1.198,10.0.0.141,53,UDP,dns,6692,8,6352,80,0.636546847,1,0,False Threat
192.168.1.162,10.0.0.33,80,UDP,https,1990,59,1330,90,0.633886814,0,0,True Threat
192.168.1.136,10.0.0.213,443,UDP,https,8285,28,3676,68,0.288902437,0,0,False Threat
192.168.1.126,10.0.0.236,8080,UDP,https,8868,29,3867,59,0.899131049,1,0,False Threat
192.168.1.95,10.0.0.76,443,TCP,dns,8924,87,1099,21,0.654737351,0,0,True Threat
192.168.1.247,10.0.0.41,8080,TCP,https,9972,68,5114,61,0.591690933,1,0,False Threat
192.168.1.85,10.0.0.1,80,UDP,https,6115,25,6795,24,0.296035778,0,0,False Threat
192.168.1.136,10.0.0.213,53,UDP,dns,8936,27,8204,4,0.157917096,0,0,True Threat
192.168.1.196,10.0.0.110,8080,UDP,dns,3528,10,134,88,0.347580075,1,0,True Threat
192.168.1.220,10.0.0.206,53,TCP,dns,834,56,5192,68,0.648666697,1,0,True Threat
192.168.1.68,10.0.0.176,443,UDP,dns,2872,85,5919,31,0.672064331,0,0,True Threat
192.168.1.84,10.0.0.69,443,UDP,dns,2377,3,291,40,0.843309561,0,0,False Threat
192.168.1.224,10.0.0.239,8080,UDP,https,2381,40,1171,27,0.523186595,0,0,False Threat
192.168.1.1,10.0.0.205,443,TCP,https,5337,58,8175,62,0.760840983,0,0,False Threat
192.168.1.150,10.0.0.81,80,UDP,dns,8255,56,6727,33,0.062349638,0,0,True Threat
192.168.1.137,10.0.0.223,53,UDP,https,6635,11,1649,67,0.289625446,0,0,True Threat
192.168.1.47,10.0.0.239,8080,TCP,dns,2514,64,3470,30,0.903997707,1,0,True Threat
192.168.1.105,10.0.0.177,80,UDP,dns,9550,49,5012,85,0.018931438,0,0,True Threat
192.168.1.180,10.0.0.129,53,UDP,https,3315,83,9623,97,0.51677399,1,0,True Threat
192.168.1.39,10.0.0.50,53,UDP,dns,9834,60,3668,58,0.286431649,1,0,True Threat
192.168.1.75,10.0.0.10,8080,TCP,https,1600,62,8964,36,0.727236319,1,0,True Threat
192.168.1.88,10.0.0.242,53,TCP,dns,2018,58,5237,4,0.175795013,0,0,True Threat
192.168.1.116,10.0.0.100,443,TCP,dns,3267,75,2666,58,0.469572683,1,0,False Threat
192.168.1.173,10.0.0.31,443,TCP,https,7461,73,4790,75,0.722307395,0,0,True Threat
192.168.1.60,10.0.0.115,80,UDP,https,1737,9,6779,60,0.887302455,0,0,False Threat
192.168.1.58,10.0.0.148,443,TCP,dns,6911,82,2462,57,0.244170083,0,0,True Threat
192.168.1.179,10.0.0.167,80,TCP,dns,9873,82,3492,51,0.382404623,0,0,False Threat
192.168.1.133,10.0.0.15,8080,UDP,https,2305,94,8232,37,0.226367802,1,0,False Threat
192.168.1.94,10.0.0.180,80,TCP,dns,699,81,390,98,0.928385887,1,0,False Threat
192.168.1.195,10.0.0.68,443,UDP,dns,5935,81,4840,44,0.00251808,0,0,False Threat
192.168.1.174,10.0.0.156,8080,UDP,dns,7932,97,5798,70,0.530386717,1,0,True Threat
192.168.1.186,10.0.0.132,8080,TCP,http,5833,48,5856,29,0.129261633,1,0,True Threat
192.168.1.120,10.0.0.246,8080,UDP,https,8780,12,5020,62,0.108837741,0,0,True Threat
192.168.1.165,10.0.0.180,443,TCP,http,9496,83,4371,95,0.542506684,1,0,False Threat
192.168.1.106,10.0.0.119,53,TCP,http,4038,89,1000,96,0.28116435,0,0,False Threat
192.168.1.242,10.0.0.57,8080,UDP,http,8773,61,9342,19,0.041917738,0,0,True Threat
192.168.1.206,10.0.0.168,8080,TCP,dns,1648,88,8415,68,0.468654501,0,0,True Threat
192.168.1.110,10.0.0.75,53,UDP,http,6512,94,2472,82,0.18175559,0,0,True Threat
192.168.1.164,10.0.0.158,8080,UDP,http,3813,82,1541,8,0.188076386,1,0,True Threat
192.168.1.23,10.0.0.193,8080,UDP,https,5031,98,7004,49,0.93416178,1,0,False Threat
192.168.1.99,10.0.0.124,80,UDP,http,9016,50,8280,45,0.509638346,1,0,False Threat
192.168.1.47,10.0.0.3,443,TCP,dns,8016,34,5883,82,0.261867919,1,0,False Threat
192.168.1.62,10.0.0.148,80,TCP,dns,3934,5,4334,34,0.535167135,1,0,False Threat
192.168.1.189,10.0.0.245,80,UDP,http,9082,52,8851,57,0.763012628,0,0,True Threat
192.168.1.105,10.0.0.159,80,TCP,dns,6493,57,6634,7,0.707582929,0,0,True Threat
192.168.1.139,10.0.0.214,80,TCP,dns,4196,52,2169,21,0.330027001,0,0,True Threat
192.168.1.142,10.0.0.178,8080,UDP,dns,2196,62,2383,82,0.695723851,1,0,True Threat
192.168.1.72,10.0.0.27,80,TCP,dns,826,62,1407,72,0.373263823,0,0,False Threat
192.168.1.246,10.0.0.193,443,UDP,https,2772,13,4615,42,0.155474192,1,0,False Threat
192.168.1.159,10.0.0.2,443,TCP,http,5948,62,427,21,0.550575761,1,0,False Threat
192.168.1.16,10.0.0.165,443,TCP,http,6400,6,414,63,0.506183149,1,0,True Threat
192.168.1.54,10.0.0.33,80,TCP,https,4449,53,9167,56,0.542202619,0,0,True Threat
192.168.1.172,10.0.0.29,80,UDP,http,7561,10,9781,62,0.511534501,0,0,False Threat
192.168.1.83,10.0.0.187,8080,TCP,https,6470,50,5068,73,0.778677844,1,0,False Threat
192.168.1.221,10.0.0.221,8080,UDP,dns,4638,57,4505,55,0.160942123,0,0,True Threat
192.168.1.115,10.0.0.48,443,UDP,https,5550,35,5132,90,0.721052722,0,0,True Threat
192.168.1.220,10.0.0.54,443,TCP,https,1090,23,387,31,0.516232966,0,0,False Threat
192.168.1.247,10.0.0.199,8080,TCP,https,2417,90,7866,42,0.24007977,1,0,False Threat
192.168.1.160,10.0.0.16,53,UDP,http,2587,18,612,87,0.415923921,1,0,False Threat
192.168.1.222,10.0.0.19,80,UDP,https,204,34,4428,36,0.697355082,1,0,False Threat
192.168.1.94,10.0.0.43,8080,UDP,dns,3777,8,1413,13,0.71138675,0,0,False Threat
192.168.1.115,10.0.0.211,443,TCP,https,7489,65,8710,63,0.647065942,0,0,False Threat
192.168.1.162,10.0.0.131,8080,UDP,dns,2726,13,6788,15,0.914672887,0,0,True Threat
192.168.1.225,10.0.0.146,443,TCP,dns,1845,45,1938,99,0.228036437,0,0,True Threat
192.168.1.234,10.0.0.36,53,TCP,dns,877,88,8476,77,0.510280702,1,0,True Threat
192.168.1.81,10.0.0.121,53,TCP,dns,4559,39,2179,98,0.806849545,1,0,False Threat
192.168.1.201,10.0.0.145,443,TCP,http,9638,60,298,60,0.424754577,0,0,False Threat
192.168.1.126,10.0.0.141,8080,UDP,https,9763,31,4376,55,0.169079501,1,0,True Threat
192.168.1.139,10.0.0.100,53,TCP,https,1496,63,9934,87,0.436752528,1,0,False Threat
192.168.1.219,10.0.0.185,443,UDP,dns,7364,27,4631,56,0.425090242,1,0,False Threat
192.168.1.156,10.0.0.195,53,TCP,dns,6440,13,570,67,0.934847635,1,0,True Threat
192.168.1.185,10.0.0.21,80,UDP,http,5372,19,7441,91,0.468482397,1,0,False Threat
192.168.1.121,10.0.0.132,80,TCP,https,5198,30,841,67,0.036715368,1,0,True Threat
192.168.1.198,10.0.0.39,80,UDP,https,8848,71,5880,59,0.198876033,1,0,True Threat
192.168.1.35,10.0.0.203,8080,TCP,https,5950,50,7878,44,0.474766817,0,0,True Threat
192.168.1.4,10.0.0.107,443,TCP,https,7423,52,7108,16,0.13933249,1,0,False Threat
192.168.1.166,10.0.0.28,8080,UDP,https,6876,9,4885,4,0.352765761,0,0,True Threat
192.168.1.172,10.0.0.133,443,TCP,dns,7761,32,9283,9,0.657481028,0,0,True Threat
192.168.1.212,10.0.0.180,8080,UDP,http,388,26,6585,21,0.569849684,0,0,False Threat
192.168.1.149,10.0.0.36,8080,UDP,dns,4917,93,7093,47,0.684220649,0,0,True Threat
192.168.1.135,10.0.0.89,53,UDP,dns,4527,31,8849,46,0.881051925,0,0,True Threat
192.168.1.67,10.0.0.240,80,TCP,dns,5440,22,2138,60,0.650478433,1,0,False Threat
192.168.1.93,10.0.0.144,443,TCP,dns,9879,76,4628,61,0.699941881,1,0,True Threat
192.168.1.221,10.0.0.139,80,TCP,https,1572,36,6285,59,0.174152478,1,0,False Threat
192.168.1.198,10.0.0.57,53,UDP,dns,5373,64,6782,72,0.109378529,0,0,True Threat
192.168.1.110,10.0.0.230,443,TCP,http,5992,89,1039,88,0.247207138,0,0,False Threat
192.168.1.150,10.0.0.25,53,UDP,http,5097,69,7196,27,0.793274636,0,0,True Threat
192.168.1.82,10.0.0.40,53,UDP,http,4657,55,3286,78,0.103010247,1,0,True Threat
192.168.1.36,10.0.0.117,80,UDP,dns,5246,57,1596,49,0.924272044,1,0,False Threat
192.168.1.26,10.0.0.229,80,TCP,dns,7287,90,5350,57,0.920359572,0,0,False Threat
192.168.1.174,10.0.0.17,443,UDP,https,4995,87,7330,49,0.311349482,0,0,False Threat
192.168.1.230,10.0.0.181,8080,TCP,http,1047,43,3930,98,0.852546247,0,0,True Threat
192.168.1.215,10.0.0.219,53,TCP,https,393,7,2167,24,0.103309281,1,0,False Threat
192.168.1.154,10.0.0.209,53,TCP,https,3507,94,1655,73,0.17472362,1,0,True Threat
192.168.1.120,10.0.0.225,8080,UDP,dns,4438,24,4581,2,0.479863719,1,0,True Threat
192.168.1.166,10.0.0.95,443,UDP,https,2037,38,9819,52,0.856047987,1,0,True Threat
192.168.1.128,10.0.0.85,443,UDP,dns,8784,11,5969,46,0.326443475,0,0,False Threat
192.168.1.130,10.0.0.24,80,TCP,dns,4733,10,6215,81,0.669049771,0,0,True Threat
192.168.1.141,10.0.0.84,443,TCP,dns,5959,4,7797,27,0.257830997,0,0,True Threat
192.168.1.91,10.0.0.120,8080,UDP,dns,7693,26,5556,76,0.27172021,1,0,False Threat
192.168.1.79,10.0.0.46,443,UDP,http,7617,99,6156,25,0.683210196,1,0,True Threat
192.168.1.200,10.0.0.216,8080,TCP,https,4989,2,3891,18,0.874006021,0,0,True Threat
192.168.1.134,10.0.0.78,53,UDP,https,8720,98,6077,56,0.699205693,1,0,True Threat
192.168.1.48,10.0.0.177,80,TCP,https,9786,96,3938,63,0.185161073,0,0,False Threat
192.168.1.171,10.0.0.95,443,UDP,http,4851,49,3011,26,0.039073126,0,0,False Threat
192.168.1.196,10.0.0.134,8080,UDP,http,1635,61,4359,14,0.034392643,0,0,True Threat
192.168.1.126,10.0.0.245,80,TCP,https,4521,7,4748,41,0.768150042,0,0,True Threat
192.168.1.83,10.0.0.69,8080,TCP,http,4721,57,2255,72,0.168736024,1,0,False Threat
192.168.1.187,10.0.0.201,443,TCP,https,5471,9,7277,92,0.188358472,0,0,True Threat
192.168.1.133,10.0.0.253,443,TCP,http,8252,79,2420,14,0.758561665,1,0,True Threat
192.168.1.18,10.0.0.115,443,UDP,https,8894,19,4231,13,0.528452974,0,0,False Threat
192.168.1.198,10.0.0.162,443,UDP,https,1698,60,6569,76,0.653564839,0,0,False Threat
192.168.1.95,10.0.0.228,8080,UDP,dns,7094,25,3077,37,0.16823405,0,0,False Threat
192.168.1.165,10.0.0.194,53,TCP,dns,5765,98,2578,18,0.359732024,0,0,True Threat
192.168.1.59,10.0.0.100,443,UDP,https,3235,51,9648,42,0.17871207,0,0,False Threat
192.168.1.184,10.0.0.2,80,UDP,https,5715,16,9105,2,0.015382961,0,0,True Threat
192.168.1.153,10.0.0.130,53,UDP,http,1411,40,7135,39,0.385079531,1,0,False Threat
192.168.1.162,10.0.0.200,80,UDP,http,3647,71,4969,81,0.685365015,0,0,True Threat
192.168.1.98,10.0.0.101,443,UDP,https,1720,18,1469,65,0.726165195,1,0,False Threat
192.168.1.207,10.0.0.78,8080,UDP,http,5614,9,6426,53,0.493062033,1,0,False Threat
192.168.1.242,10.0.0.109,53,TCP,http,5399,66,3517,87,0.28777732,1,0,False Threat
192.168.1.182,10.0.0.156,53,UDP,dns,3788,21,8725,81,0.065621191,1,0,False Threat
192.168.1.236,10.0.0.97,8080,TCP,http,5662,41,1805,28,0.481496629,0,0,True Threat
192.168.1.128,10.0.0.46,8080,TCP,dns,9560,3,5822,3,0.027585495,1,0,True Threat
192.168.1.162,10.0.0.101,443,UDP,http,6459,33,184,31,0.131466743,1,0,False Threat
192.168.1.33,10.0.0.9,53,UDP,dns,4099,46,3465,18,0.960036943,1,0,True Threat
192.168.1.35,10.0.0.212,443,TCP,https,4659,68,8559,38,0.551417565,1,0,False Threat
192.168.1.125,10.0.0.117,443,TCP,https,1880,91,1789,67,0.554223496,1,0,True Threat
192.168.1.175,10.0.0.97,53,UDP,https,3497,65,462,24,0.029845783,0,0,True Threat
192.168.1.243,10.0.0.227,443,UDP,dns,6933,4,8024,18,0.297517431,1,0,False Threat
192.168.1.234,10.0.0.86,80,TCP,http,3557,97,9066,34,0.666049187,1,0,True Threat
192.168.1.65,10.0.0.3,80,UDP,dns,3865,21,1219,19,0.404483991,0,0,False Threat
192.168.1.119,10.0.0.254,53,TCP,http,3869,25,6549,98,0.179366406,1,0,False Threat
192.168.1.74,10.0.0.200,443,UDP,https,1782,68,2248,73,0.236482308,0,0,True Threat
192.168.1.8,10.0.0.244,443,UDP,http,6472,71,7164,2,0.10915069,0,0,False Threat
192.168.1.132,10.0.0.29,8080,UDP,https,271,68,200,94,0.846028708,0,0,False Threat
192.168.1.77,10.0.0.96,53,TCP,dns,6459,29,5699,77,0.642268281,1,0,False Threat
192.168.1.49,10.0.0.211,80,TCP,https,1719,39,5579,91,0.198456352,0,0,False Threat
192.168.1.211,10.0.0.22,443,TCP,dns,128,70,8378,40,0.91273875,0,0,False Threat
192.168.1.72,10.0.0.198,53,UDP,http,2959,63,8184,24,0.232174846,0,0,False Threat
192.168.1.91,10.0.0.34,8080,UDP,https,8133,48,3464,23,0.479750071,1,0,False Threat
192.168.1.178,10.0.0.107,8080,TCP,https,2161,9,196,77,0.559970191,0,0,False Threat
192.168.1.239,10.0.0.131,443,TCP,http,6789,74,4936,67,0.896615247,0,0,True Threat
192.168.1.30,10.0.0.28,80,UDP,dns,2993,53,3702,90,0.255661456,0,0,False Threat
192.168.1.235,10.0.0.144,8080,TCP,dns,164,64,6241,85,0.875304652,1,0,False Threat
192.168.1.29,10.0.0.178,53,UDP,http,4965,74,6322,17,0.724162736,0,0,False Threat
192.168.1.88,10.0.0.185,443,UDP,dns,4520,66,970,48,0.121704195,0,0,False Threat
192.168.1.195,10.0.0.187,53,TCP,http,1248,22,3857,29,0.914887817,1,0,True Threat
192.168.1.103,10.0.0.134,443,TCP,dns,9555,77,6797,76,0.672314726,0,0,False Threat
192.168.1.10,10.0.0.52,53,TCP,dns,6402,71,1238,39,0.179463157,1,0,False Threat
192.168.1.234,10.0.0.212,8080,UDP,dns,590,77,2715,21,0.825785354,0,0,False Threat
192.168.1.90,10.0.0.18,8080,UDP,http,3364,87,2898,91,0.343530479,1,0,False Threat
192.168.1.106,10.0.0.103,53,TCP,https,6347,4,3013,70,0.446019762,0,0,False Threat
192.168.1.105,10.0.0.77,53,UDP,https,3407,9,2239,39,0.17575749,0,0,False Threat
192.168.1.161,10.0.0.145,80,UDP,http,1621,72,5746,77,0.966258513,1,0,True Threat
192.168.1.155,10.0.0.197,443,TCP,https,5577,78,7277,21,0.873548876,0,0,False Threat
192.168.1.100,10.0.0.61,53,UDP,dns,6535,24,6535,37,0.40035105,0,0,False Threat
192.168.1.218,10.0.0.154,53,TCP,https,3167,60,7090,32,0.443244091,0,0,True Threat
192.168.1.51,10.0.0.143,53,TCP,dns,2525,74,4464,42,0.065746176,1,0,True Threat
192.168.1.89,10.0.0.110,8080,UDP,http,2232,80,1053,85,0.263290197,1,0,False Threat
192.168.1.211,10.0.0.62,80,TCP,https,553,12,8114,17,0.716601057,0,0,True Threat
192.168.1.21,10.0.0.182,443,TCP,http,7032,10,6849,33,0.982299574,0,0,True Threat
192.168.1.154,10.0.0.203,8080,UDP,dns,2526,96,4410,37,0.111040287,1,0,False Threat
192.168.1.153,10.0.0.134,8080,TCP,dns,2922,49,7567,24,0.829841158,0,0,False Threat
192.168.1.124,10.0.0.85,8080,TCP,dns,3703,2,882,52,0.843657338,1,0,False Threat
192.168.1.147,10.0.0.179,8080,TCP,https,3740,31,9897,31,0.499989548,0,0,True Threat
