orig_ip,resp_ip,resp_port,proto,service,label,orig_bytes,orig_packets,resp_bytes,resp_packets,invel_bpp
175.45.176.3,149.171.126.15,80,tcp,http,Exploits,68100,58,656,16,41
175.45.176.2,149.171.126.15,520,udp,,Fuzzers,60,2,0,0,9.22E+18
175.45.176.0,149.171.126.18,80,tcp,http,DoS,774,10,908,8,113.5
175.45.176.3,149.171.126.12,25,tcp,smtp,DoS,69568,70,1996,28,71.28571429
175.45.176.1,149.171.126.15,179,tcp,,Fuzzers,1018,10,336,8,42
175.45.176.1,149.171.126.14,179,tcp,,Fuzzers,762,14,544,10,54.4
175.45.176.1,149.171.126.17,21064,tcp,,Generic,12032,120,11228,108,103.962963
175.45.176.1,149.171.126.13,8080,tcp,http,DoS,1766,10,256,6,42.66666667
175.45.176.2,149.171.126.10,445,tcp,"smb,gssapi",Fuzzers,988,12,680,8,85
175.45.176.0,149.171.126.16,80,tcp,http,Exploits,1406,12,3640,10,364
175.45.176.0,149.171.126.11,514,udp,,Fuzzers,1872,2,0,0,9.22E+18
175.45.176.1,149.171.126.10,111,udp,,Reconnaissance,168,2,0,0,9.22E+18
175.45.176.2,149.171.126.12,520,udp,,Fuzzers,1064,2,0,0,9.22E+18
175.45.176.2,149.171.126.14,111,udp,,Reconnaissance,168,2,0,0,9.22E+18
175.45.176.0,149.171.126.17,520,udp,,Fuzzers,64,2,0,0,9.22E+18
175.45.176.0,149.171.126.17,111,udp,,Reconnaissance,168,2,0,0,9.22E+18
175.45.176.2,149.171.126.16,111,udp,,Reconnaissance,168,2,0,0,9.22E+18
175.45.176.1,149.171.126.19,111,udp,,Reconnaissance,168,2,0,0,9.22E+18
175.45.176.0,149.171.126.13,520,udp,,Fuzzers,104,2,0,0,9.22E+18
175.45.176.0,149.171.126.13,111,udp,,Reconnaissance,168,2,0,0,9.22E+18
175.45.176.1,149.171.126.17,111,udp,,Reconnaissance,168,2,0,0,9.22E+18
175.45.176.3,149.171.126.15,111,udp,,Reconnaissance,168,2,0,0,9.22E+18
175.45.176.0,149.171.126.12,520,udp,,Fuzzers,104,2,0,0,9.22E+18
175.45.176.2,149.171.126.16,520,udp,,Fuzzers,1064,2,0,0,9.22E+18
175.45.176.2,149.171.126.12,67,udp,,Generic,144,2,0,0,9.22E+18
175.45.176.1,149.171.126.10,520,udp,,Fuzzers,1064,2,0,0,9.22E+18
175.45.176.3,149.171.126.15,520,udp,,Fuzzers,104,2,0,0,9.22E+18
175.45.176.1,149.171.126.11,4827,udp,,DoS,142,2,0,0,9.22E+18
175.45.176.3,149.171.126.16,520,udp,,Fuzzers,1064,2,0,0,9.22E+18
175.45.176.3,149.171.126.17,111,udp,,Reconnaissance,168,2,0,0,9.22E+18
175.45.176.2,149.171.126.17,47964,udp,,Shellcode,174,2,0,0,9.22E+18
175.45.176.1,149.171.126.14,514,udp,,Fuzzers,208,2,0,0,9.22E+18
175.45.176.3,149.171.126.14,514,udp,,Fuzzers,198,2,0,0,9.22E+18
175.45.176.2,149.171.126.15,520,udp,,Fuzzers,568,2,0,0,9.22E+18
175.45.176.0,149.171.126.11,520,udp,,Fuzzers,704,2,0,0,9.22E+18
175.45.176.2,149.171.126.16,514,udp,,Fuzzers,2110,2,0,0,9.22E+18
175.45.176.2,149.171.126.14,514,udp,,Fuzzers,772,2,0,0,9.22E+18
175.45.176.3,149.171.126.17,111,udp,,Reconnaissance,168,2,0,0,9.22E+18
175.45.176.0,149.171.126.10,111,udp,,Exploits,1068,2,0,0,9.22E+18
175.45.176.3,149.171.126.19,111,udp,,Reconnaissance,168,2,0,0,9.22E+18
175.45.176.0,149.171.126.18,5060,udp,,Generic,1424,2,0,0,9.22E+18
175.45.176.2,149.171.126.18,520,udp,,Fuzzers,104,2,0,0,9.22E+18
175.45.176.2,149.171.126.16,520,udp,,Fuzzers,104,2,0,0,9.22E+18
175.45.176.0,149.171.126.10,520,udp,,Fuzzers,104,2,0,0,9.22E+18
175.45.176.1,149.171.126.12,514,udp,,Fuzzers,1538,2,0,0,9.22E+18
175.45.176.1,149.171.126.10,520,udp,,Fuzzers,1064,2,0,0,9.22E+18
175.45.176.1,149.171.126.17,67,udp,,Exploits,320,2,0,0,9.22E+18
175.45.176.3,149.171.126.19,5060,udp,,Generic,1272,2,0,0,9.22E+18
175.45.176.0,149.171.126.11,111,udp,,Reconnaissance,168,2,0,0,9.22E+18
175.45.176.0,149.171.126.14,5060,udp,,Generic,1358,2,0,0,9.22E+18
175.45.176.3,149.171.126.10,520,udp,,Fuzzers,104,2,0,0,9.22E+18
175.45.176.1,149.171.126.11,520,udp,,Fuzzers,64,2,0,0,9.22E+18
175.45.176.0,149.171.126.18,464,udp,,DoS,94,2,0,0,9.22E+18
175.45.176.3,149.171.126.11,514,udp,,Fuzzers,1780,2,0,0,9.22E+18
175.45.176.2,149.171.126.13,514,udp,,Fuzzers,1720,2,0,0,9.22E+18
175.45.176.2,149.171.126.13,514,udp,,Fuzzers,698,2,0,0,9.22E+18
175.45.176.1,149.171.126.17,110,tcp,pop3,Exploits,1010,22,19134,32,597.9375
175.45.176.0,149.171.126.16,143,tcp,,DoS,1576,32,137146,120,1142.883333
175.45.176.2,149.171.126.10,179,tcp,,Fuzzers,534,10,336,8,42
175.45.176.1,149.171.126.11,6661,tcp,,Exploits,3184,12,596,10,59.6
175.45.176.0,149.171.126.10,25,tcp,smtp,DoS,19674,34,1810,24,75.41666667
175.45.176.0,149.171.126.17,445,tcp,"gssapi,smb",Fuzzers,982,12,802,10,80.2
175.45.176.2,149.171.126.11,80,tcp,http,Exploits,808,10,256,6,42.66666667
175.45.176.3,149.171.126.16,111,tcp,,Reconnaissance,552,10,336,8,42
175.45.176.2,149.171.126.13,80,tcp,http,Exploits,1198,10,256,6,42.66666667
175.45.176.1,149.171.126.15,21,tcp,ftp,Fuzzers,17464,24,750,14,53.57142857
175.45.176.2,149.171.126.19,179,tcp,,Fuzzers,534,10,256,6,42.66666667
175.45.176.3,149.171.126.16,80,tcp,http,DoS,800,10,1210,8,151.25
175.45.176.1,149.171.126.15,1900,tcp,,Exploits,68452,60,576,14,41.14285714
175.45.176.0,149.171.126.15,21,tcp,ftp,Fuzzers,564,12,670,12,55.83333333
175.45.176.1,149.171.126.12,445,tcp,"smb,gssapi",Fuzzers,1012,12,786,10,78.6
175.45.176.2,149.171.126.10,80,tcp,http,DoS,554,10,256,6,42.66666667
175.45.176.2,149.171.126.14,111,tcp,,Reconnaissance,552,10,336,8,42
175.45.176.2,149.171.126.14,80,tcp,http,DoS,964,10,1826,8,228.25
175.45.176.2,149.171.126.18,111,udp,,Reconnaissance,168,2,0,0,9.22E+18
175.45.176.2,149.171.126.11,179,tcp,,Fuzzers,898,10,336,8,42
175.45.176.0,149.171.126.10,139,tcp,"smb,gssapi,ntlm,dce_rpc",Exploits,17708,38,3630,30,121
175.45.176.2,149.171.126.10,1071,tcp,,Shellcode,608,10,256,6,42.66666667
175.45.176.0,149.171.126.13,80,tcp,http,Exploits,1212,12,3672,10,367.2
175.45.176.3,149.171.126.11,111,tcp,,Reconnaissance,552,10,336,8,42
175.45.176.1,149.171.126.18,137,udp,dns,Exploits,19356,202,18000,200,90
175.45.176.2,149.171.126.11,80,tcp,http,Reconnaissance,846,10,256,6,42.66666667
175.45.176.1,149.171.126.19,445,tcp,"smb,gssapi",Fuzzers,1054,12,844,12,70.33333333
175.45.176.1,149.171.126.12,110,tcp,pop3,Exploits,1088,24,41032,48,854.8333333
175.45.176.0,149.171.126.16,143,tcp,,Exploits,1022,18,16816,28,600.5714286
175.45.176.1,149.171.126.19,80,tcp,http,Exploits,768,10,4340,10,434
175.45.176.2,149.171.126.17,111,tcp,,Reconnaissance,552,10,336,8,42
175.45.176.0,149.171.126.16,111,tcp,,Reconnaissance,552,10,336,8,42
175.45.176.1,149.171.126.10,445,tcp,"smb,gssapi",Fuzzers,974,12,824,10,82.4
175.45.176.2,149.171.126.11,445,tcp,smb,Fuzzers,271986,216,1456,36,40.44444444
175.45.176.0,149.171.126.17,111,tcp,,Reconnaissance,552,10,336,8,42
175.45.176.2,149.171.126.17,25,tcp,smtp,Exploits,40238,46,2036,24,84.83333333
175.45.176.3,149.171.126.18,80,tcp,http,Generic,1212,10,15256,16,953.5
175.45.176.2,149.171.126.10,445,tcp,,Fuzzers,522,10,256,6,42.66666667
175.45.176.2,149.171.126.19,80,tcp,http,DoS,792,10,1400,8,175
175.45.176.0,149.171.126.17,80,tcp,http,Exploits,804,10,8136,12,678
175.45.176.3,149.171.126.13,80,tcp,http,Exploits,804,10,2020,8,252.5
175.45.176.0,149.171.126.10,80,tcp,http,Generic,1658,22,114848,92,1248.347826
175.45.176.0,149.171.126.17,80,tcp,http,Exploits,824,10,8038,14,574.1428571
175.45.176.3,149.171.126.13,3050,tcp,,Exploits,2496,10,256,6,42.66666667
175.45.176.2,149.171.126.12,135,tcp,,Fuzzers,576,10,256,6,42.66666667
175.45.176.1,149.171.126.18,80,tcp,http,Exploits,846,12,33826,32,1057.0625
175.45.176.1,149.171.126.19,80,tcp,http,Reconnaissance,872,10,256,6,42.66666667
175.45.176.3,149.171.126.16,80,tcp,http,DoS,892,10,952,10,95.2
175.45.176.2,149.171.126.16,443,tcp,ssl,Generic,17966,28,6566,18,364.7777778
175.45.176.0,149.171.126.13,80,tcp,http,Fuzzers,682,10,336,8,42
175.45.176.3,149.171.126.17,80,tcp,http,DoS,836,10,1032,8,129
175.45.176.0,149.171.126.11,49228,tcp,ftp-data,Exploits,352,8,552,8,69
175.45.176.1,149.171.126.12,111,tcp,,Reconnaissance,552,10,336,8,42
175.45.176.2,149.171.126.16,139,tcp,"smb,ntlm,gssapi",Exploits,24126,36,2206,20,110.3
175.45.176.2,149.171.126.11,445,tcp,smb,Fuzzers,131602,104,816,20,40.8
175.45.176.2,149.171.126.17,179,tcp,,Fuzzers,68006,60,656,16,41
175.45.176.1,149.171.126.14,80,tcp,,Exploits,186896,144,1056,26,40.61538462
175.45.176.0,149.171.126.10,25,tcp,smtp,Exploits,4798,24,1682,20,84.1
175.45.176.2,149.171.126.16,80,tcp,http,Exploits,1118,10,1718,10,171.8
175.45.176.0,149.171.126.13,80,tcp,http,Reconnaissance,832,10,256,6,42.66666667
175.45.176.1,149.171.126.16,21,tcp,ftp,Exploits,1164,22,1602,22,72.81818182
175.45.176.0,149.171.126.18,3306,tcp,mysql,Exploits,596,10,634,10,63.4
175.45.176.3,149.171.126.19,111,tcp,,Reconnaissance,552,10,336,8,42
175.45.176.2,149.171.126.11,143,tcp,,Exploits,1242,24,62050,62,1000.806452
175.45.176.3,149.171.126.10,179,tcp,,Fuzzers,1494,10,256,6,42.66666667
175.45.176.0,149.171.126.16,135,tcp,,Fuzzers,576,10,336,8,42
175.45.176.2,149.171.126.13,80,tcp,http,Exploits,826,10,9430,14,673.5714286
175.45.176.0,149.171.126.11,21,tcp,ftp,Exploits,1336,26,1610,22,73.18181818
175.45.176.0,149.171.126.17,80,tcp,http,Worms,8670,14,256,6,42.66666667
175.45.176.3,149.171.126.12,1723,tcp,,Fuzzers,2024,10,336,8,42
175.45.176.0,149.171.126.13,80,tcp,http,Exploits,826,10,1058,8,132.25
175.45.176.0,149.171.126.19,80,tcp,http,Fuzzers,68174,60,576,14,41.14285714
175.45.176.0,149.171.126.12,179,tcp,,Fuzzers,814,10,336,8,42
175.45.176.0,149.171.126.19,445,tcp,"smb,ntlm,gssapi",Exploits,2628,22,3090,20,154.5
175.45.176.2,149.171.126.14,110,tcp,pop3,DoS,972,20,2510,20,125.5
175.45.176.0,149.171.126.16,21,tcp,ftp,Exploits,1076,20,1622,22,73.72727273
175.45.176.0,149.171.126.18,110,tcp,pop3,Exploits,950,20,13938,28,497.7857143
175.45.176.1,149.171.126.18,110,tcp,pop3,Exploits,1212,26,72454,72,1006.305556
175.45.176.1,149.171.126.19,8080,tcp,http,Exploits,898,10,256,6,42.66666667
175.45.176.2,149.171.126.15,13666,tcp,,Exploits,1634,10,256,6,42.66666667
175.45.176.1,149.171.126.10,445,tcp,"smb,gssapi",Fuzzers,2014,12,684,8,85.5
175.45.176.1,149.171.126.14,80,tcp,http,Generic,1186,12,29452,26,1132.769231
175.45.176.2,149.171.126.18,445,tcp,smb,Fuzzers,81858,66,656,16,41
175.45.176.2,149.171.126.10,445,tcp,"smb,gssapi",Fuzzers,1046,12,700,8,87.5
175.45.176.0,149.171.126.17,54736,tcp,ftp-data,Exploits,352,8,3742,10,374.2
175.45.176.2,149.171.126.13,1723,tcp,,Fuzzers,744,10,256,6,42.66666667
175.45.176.3,149.171.126.14,179,tcp,,Fuzzers,510,10,256,6,42.66666667
175.45.176.1,149.171.126.14,111,tcp,,Reconnaissance,552,10,336,8,42
175.45.176.2,149.171.126.15,143,tcp,,Exploits,1856,40,195878,164,1194.378049
175.45.176.3,149.171.126.16,1210,tcp,,Exploits,2752,10,256,6,42.66666667
175.45.176.2,149.171.126.12,80,tcp,http,Exploits,840,10,256,6,42.66666667
175.45.176.3,149.171.126.10,80,tcp,http,Exploits,62022,54,496,12,41.33333333
175.45.176.0,149.171.126.14,80,tcp,http,Reconnaissance,764,10,336,8,42
175.45.176.2,149.171.126.14,1014,tcp,,Backdoors,460,10,552,8,69
175.45.176.2,149.171.126.19,80,tcp,http,Generic,3342,66,515410,384,1342.213542
175.45.176.3,149.171.126.15,80,tcp,http,Fuzzers,68178,60,576,14,41.14285714
175.45.176.1,149.171.126.11,111,tcp,,Reconnaissance,552,10,336,8,42
175.45.176.2,149.171.126.13,80,tcp,http,Exploits,908,10,256,6,42.66666667
175.45.176.3,149.171.126.15,143,tcp,,Exploits,1062,20,31224,38,821.6842105
175.45.176.1,149.171.126.10,111,tcp,,Reconnaissance,552,10,336,8,42
175.45.176.2,149.171.126.19,111,tcp,,Reconnaissance,552,10,336,8,42
175.45.176.2,149.171.126.13,25,tcp,smtp,Generic,4926,14,870,10,87
175.45.176.2,149.171.126.18,80,tcp,http,Generic,1208,10,1958,8,244.75
175.45.176.3,149.171.126.11,110,tcp,pop3,Exploits,942,20,5388,22,244.9090909
175.45.176.2,149.171.126.19,48877,tcp,,Exploits,3164,10,256,6,42.66666667
175.45.176.2,149.171.126.11,110,tcp,pop3,Exploits,3340,80,537576,418,1286.066986
175.45.176.1,149.171.126.15,111,tcp,,Reconnaissance,552,10,336,8,42
175.45.176.3,149.171.126.15,1723,tcp,,Fuzzers,744,10,256,6,42.66666667
175.45.176.2,149.171.126.12,135,tcp,,Fuzzers,576,10,256,6,42.66666667
175.45.176.2,149.171.126.15,179,tcp,,Fuzzers,27620,30,826,16,51.625
175.45.176.1,149.171.126.19,111,tcp,,Reconnaissance,552,10,336,8,42
175.45.176.3,149.171.126.12,54873,tcp,,Exploits,6188,14,880,10,88
175.45.176.2,149.171.126.18,80,tcp,http,Exploits,1284,12,2832,10,283.2
175.45.176.2,149.171.126.16,80,tcp,http,Exploits,1626,12,3216,12,268
175.45.176.2,149.171.126.10,110,tcp,pop3,Exploits,1760,40,162122,140,1158.014286
175.45.176.0,149.171.126.10,445,tcp,gssapi,Fuzzers,17770,22,766,10,76.6
175.45.176.1,149.171.126.18,445,tcp,"gssapi,smb",Fuzzers,1094,12,788,10,78.8
175.45.176.0,149.171.126.18,111,tcp,,Reconnaissance,552,10,336,8,42
175.45.176.1,149.171.126.10,25,tcp,smtp,Exploits,611396,486,4630,90,51.44444444
175.45.176.2,149.171.126.15,111,tcp,,Reconnaissance,552,10,336,8,42
175.45.176.3,149.171.126.17,80,tcp,http,Exploits,870,10,336,8,42
175.45.176.1,149.171.126.18,445,tcp,"gssapi,smb",Fuzzers,34694,36,982,14,70.14285714
175.45.176.3,149.171.126.12,111,tcp,,Reconnaissance,552,10,336,8,42
175.45.176.3,149.171.126.14,80,tcp,http,Reconnaissance,910,10,336,8,42
175.45.176.3,149.171.126.19,80,tcp,http,Exploits,2580,50,368322,286,1287.839161
175.45.176.2,149.171.126.15,8080,tcp,http,Exploits,21992,24,336,8,42
175.45.176.1,149.171.126.13,179,tcp,,Fuzzers,1514,10,256,6,42.66666667
175.45.176.1,149.171.126.13,25,tcp,smtp,Exploits,18296,32,1780,22,80.90909091
175.45.176.2,149.171.126.13,80,tcp,http,Generic,22318,530,4606282,3314,1389.946288
175.45.176.1,149.171.126.12,80,tcp,http,DoS,742,10,1604,10,160.4
175.45.176.0,149.171.126.19,179,tcp,,Fuzzers,726,10,336,8,42
175.45.176.3,149.171.126.12,445,tcp,gssapi,Fuzzers,1342,12,720,8,90
175.45.176.1,149.171.126.11,80,tcp,http,Exploits,42032,38,416,10,41.6
175.45.176.3,149.171.126.14,80,tcp,http,Fuzzers,68176,60,576,14,41.14285714
175.45.176.0,149.171.126.16,143,tcp,,Exploits,1486,30,111638,100,1116.38
175.45.176.1,149.171.126.11,6667,tcp,,DoS,352,8,13080,16,817.5
175.45.176.2,149.171.126.15,3389,tcp,,Exploits,1374,10,256,6,42.66666667
175.45.176.0,149.171.126.16,179,tcp,,Fuzzers,854,10,336,8,42
175.45.176.3,149.171.126.10,80,tcp,http,Reconnaissance,772,10,256,6,42.66666667
175.45.176.0,149.171.126.13,21,tcp,ftp,Fuzzers,68204,64,990,20,49.5
175.45.176.0,149.171.126.16,80,tcp,http,Exploits,1568,22,80816,66,1224.484848
175.45.176.0,149.171.126.18,143,tcp,imap,Generic,1192,12,578,10,57.8
175.45.176.3,149.171.126.15,25,tcp,smtp,Exploits,5446,22,1750,20,87.5
175.45.176.3,149.171.126.15,17000,tcp,http,Exploits,2138,10,336,8,42
175.45.176.0,149.171.126.14,80,tcp,http,Exploits,940,10,256,6,42.66666667
175.45.176.1,149.171.126.15,80,tcp,http,Exploits,836,12,18712,20,935.6
175.45.176.1,149.171.126.12,25,tcp,smtp,DoS,5204,24,1884,20,94.2
175.45.176.0,149.171.126.11,80,tcp,http,DoS,800,10,1308,8,163.5
175.45.176.3,149.171.126.15,80,tcp,http,Exploits,800,10,3814,12,317.8333333
175.45.176.1,149.171.126.11,69,udp,,Exploits,2068,2,106,2,53
175.45.176.0,149.171.126.17,110,tcp,pop3,Exploits,950,20,3934,20,196.7
175.45.176.2,149.171.126.13,80,tcp,http,DoS,810,10,2470,8,308.75
175.45.176.0,149.171.126.19,80,tcp,http,Exploits,40394,38,416,10,41.6
175.45.176.3,149.171.126.19,80,tcp,http,DoS,1442,12,2814,10,281.4
175.45.176.0,149.171.126.12,179,tcp,,Fuzzers,550,10,336,8,42
175.45.176.2,149.171.126.10,25,tcp,smtp,Exploits,286724,230,3160,54,58.51851852
175.45.176.0,149.171.126.14,179,tcp,,Fuzzers,2602,10,336,8,42
175.45.176.0,149.171.126.14,80,tcp,http,Exploits,11696,16,1116,10,111.6
175.45.176.0,149.171.126.12,445,tcp,"gssapi,smb",Fuzzers,1054,12,744,8,93
175.45.176.1,149.171.126.19,88,tcp,http,DoS,7928,14,336,8,42
175.45.176.3,149.171.126.14,8080,tcp,http,Exploits,952,10,336,8,42
175.45.176.1,149.171.126.13,111,tcp,,Reconnaissance,552,10,336,8,42
175.45.176.0,149.171.126.16,80,tcp,http,Exploits,776,10,1742,8,217.75
175.45.176.3,149.171.126.17,27441,tcp,,Backdoors,608,10,336,8,42
175.45.176.3,149.171.126.16,445,tcp,"smb,gssapi",Fuzzers,1030,12,736,8,92
175.45.176.2,149.171.126.14,25,tcp,smtp,Exploits,6634,24,1776,20,88.8
175.45.176.2,149.171.126.17,135,tcp,dce_rpc,Fuzzers,576,10,256,6,42.66666667
175.45.176.0,149.171.126.17,143,tcp,,DoS,998,18,2788,18,154.8888889
175.45.176.3,149.171.126.14,80,tcp,http,DoS,846,10,1864,10,186.4
175.45.176.3,149.171.126.12,445,tcp,gssapi,Fuzzers,3030,12,690,8,86.25
175.45.176.0,149.171.126.16,139,tcp,"dce_rpc,ntlm,gssapi,smb",Exploits,3898,28,3368,26,129.5384615
175.45.176.0,149.171.126.10,179,tcp,,Fuzzers,522,10,336,8,42
175.45.176.2,149.171.126.18,25,tcp,smtp,Exploits,2938,22,1898,20,94.9
175.45.176.1,149.171.126.16,110,tcp,pop3,Exploits,1514,34,134510,118,1139.915254
175.45.176.2,149.171.126.11,179,tcp,,Fuzzers,522,10,256,6,42.66666667
175.45.176.1,149.171.126.13,445,tcp,"smb,gssapi",Fuzzers,1046,12,746,8,93.25
175.45.176.2,149.171.126.14,111,tcp,,Reconnaissance,552,10,336,8,42
175.45.176.3,149.171.126.17,161,udp,,DoS,80,2,0,0,9.22E+18
175.45.176.1,149.171.126.11,520,udp,,Fuzzers,64,2,0,0,9.22E+18
175.45.176.1,149.171.126.12,514,udp,,Fuzzers,1272,2,0,0,9.22E+18
175.45.176.2,149.171.126.15,5060,udp,,Generic,1296,2,0,0,9.22E+18
175.45.176.2,149.171.126.18,3217,udp,,DoS,2914,2,0,0,9.22E+18
175.45.176.0,149.171.126.12,111,udp,,Reconnaissance,168,2,0,0,9.22E+18
175.45.176.0,149.171.126.19,69,udp,,Generic,158,2,0,0,9.22E+18
175.45.176.1,149.171.126.16,514,udp,,Fuzzers,164,2,0,0,9.22E+18
175.45.176.3,149.171.126.16,520,udp,,Fuzzers,1066,2,0,0,9.22E+18
175.45.176.1,149.171.126.12,111,udp,,Reconnaissance,168,2,0,0,9.22E+18
175.45.176.2,149.171.126.13,514,udp,,Fuzzers,2006,2,0,0,9.22E+18
175.45.176.2,149.171.126.19,520,udp,,Fuzzers,1064,2,0,0,9.22E+18
175.45.176.0,149.171.126.11,67,udp,,Generic,266,2,0,0,9.22E+18
175.45.176.2,149.171.126.14,514,udp,,Fuzzers,222,2,0,0,9.22E+18
175.45.176.3,149.171.126.11,514,udp,,Fuzzers,1350,2,0,0,9.22E+18
175.45.176.2,149.171.126.15,111,udp,,Reconnaissance,168,2,0,0,9.22E+18
175.45.176.3,149.171.126.15,520,udp,,Fuzzers,104,2,0,0,9.22E+18
175.45.176.0,149.171.126.15,111,udp,,Reconnaissance,168,2,0,0,9.22E+18
175.45.176.0,149.171.126.16,69,udp,,Generic,1070,2,0,0,9.22E+18
175.45.176.2,149.171.126.11,520,udp,,Fuzzers,1064,2,0,0,9.22E+18
175.45.176.3,149.171.126.15,514,udp,,Fuzzers,1750,2,0,0,9.22E+18
175.45.176.2,149.171.126.16,514,udp,,Fuzzers,2108,2,0,0,9.22E+18
175.45.176.2,149.171.126.14,514,udp,,Fuzzers,392,4,0,0,9.22E+18
175.45.176.1,149.171.126.18,1666,udp,,Shellcode,744,2,0,0,9.22E+18
175.45.176.3,149.171.126.18,520,udp,,Fuzzers,104,2,0,0,9.22E+18
175.45.176.2,149.171.126.16,520,udp,,Fuzzers,104,2,0,0,9.22E+18
175.45.176.3,149.171.126.18,520,udp,,Fuzzers,104,2,0,0,9.22E+18
175.45.176.1,149.171.126.10,520,udp,,Fuzzers,1064,2,0,0,9.22E+18
175.45.176.1,149.171.126.15,53,udp,dns,Generic,140,2,0,0,9.22E+18
175.45.176.1,149.171.126.16,514,udp,,Fuzzers,238,2,0,0,9.22E+18
175.45.176.2,149.171.126.12,111,udp,,Reconnaissance,168,2,0,0,9.22E+18
175.45.176.0,149.171.126.16,111,udp,,Reconnaissance,168,2,0,0,9.22E+18
175.45.176.1,149.171.126.15,111,udp,,Reconnaissance,168,2,0,0,9.22E+18
175.45.176.0,149.171.126.10,53,udp,dns,Generic,114,2,0,0,9.22E+18
175.45.176.3,149.171.126.13,520,udp,,Fuzzers,1064,2,0,0,9.22E+18
175.45.176.1,149.171.126.16,111,udp,,Reconnaissance,168,2,0,0,9.22E+18
175.45.176.0,149.171.126.14,5060,udp,,Generic,1448,2,0,0,9.22E+18
175.45.176.3,149.171.126.18,111,udp,,Reconnaissance,168,2,0,0,9.22E+18
175.45.176.2,149.171.126.17,111,udp,,Reconnaissance,168,2,0,0,9.22E+18
175.45.176.1,149.171.126.15,179,tcp,,Fuzzers,576,10,256,6,42.66666667
175.45.176.0,149.171.126.19,80,tcp,http,Fuzzers,498,10,336,8,42
175.45.176.1,149.171.126.16,21,tcp,ftp,Exploits,1064,20,1634,22,74.27272727
175.45.176.1,149.171.126.19,111,tcp,,Reconnaissance,552,10,336,8,42
175.45.176.2,149.171.126.13,21,tcp,ftp,DoS,656,14,5070,14,362.1428571
175.45.176.3,149.171.126.19,80,tcp,http,Exploits,14672,18,336,8,42
175.45.176.1,149.171.126.17,110,tcp,pop3,Exploits,1082,24,53692,58,925.7241379
175.45.176.1,149.171.126.15,1723,tcp,,Fuzzers,2504,10,256,6,42.66666667
175.45.176.0,149.171.126.13,80,tcp,http,Exploits,1778,10,336,8,42
175.45.176.0,149.171.126.18,80,tcp,http,Exploits,804,10,7602,12,633.5
175.45.176.3,149.171.126.19,445,tcp,"gssapi,smb",Fuzzers,1048,12,702,8,87.75
175.45.176.2,149.171.126.19,179,tcp,,Fuzzers,762,14,544,10,54.4
175.45.176.2,149.171.126.18,110,tcp,pop3,Exploits,926,20,3660,20,183
175.45.176.1,149.171.126.17,179,tcp,,Fuzzers,516,10,336,8,42
175.45.176.3,149.171.126.11,111,tcp,,Reconnaissance,552,10,336,8,42
175.45.176.0,149.171.126.16,80,tcp,http,Exploits,816,10,1232,8,154
175.45.176.1,149.171.126.10,80,tcp,http,Exploits,1640,12,256,6,42.66666667
175.45.176.2,149.171.126.11,910,tcp,,Exploits,5376,12,256,6,42.66666667
175.45.176.0,149.171.126.16,135,tcp,,Fuzzers,576,10,256,6,42.66666667
175.45.176.3,149.171.126.10,179,tcp,,Fuzzers,1002,10,336,8,42
175.45.176.1,149.171.126.10,25,tcp,smtp,Exploits,6250,26,1800,20,90
175.45.176.0,149.171.126.18,111,tcp,,Reconnaissance,552,10,336,8,42
175.45.176.0,149.171.126.12,25,tcp,smtp,Exploits,368604,288,3582,64,55.96875
175.45.176.0,149.171.126.14,25,tcp,smtp,Exploits,80180,76,2068,28,73.85714286
175.45.176.3,149.171.126.16,135,tcp,,Fuzzers,576,10,256,6,42.66666667
175.45.176.2,149.171.126.13,445,tcp,smb,Fuzzers,167794,132,1056,26,40.61538462
175.45.176.1,149.171.126.12,80,tcp,http,Exploits,774,10,1274,8,159.25
175.45.176.3,149.171.126.14,25,tcp,smtp,Exploits,3196,22,1626,20,81.3
175.45.176.2,149.171.126.15,25,tcp,smtp,Exploits,155186,136,2458,36,68.27777778
175.45.176.1,149.171.126.13,80,tcp,http,Exploits,800,10,9576,16,598.5
175.45.176.0,149.171.126.10,80,tcp,http,Exploits,856,10,256,6,42.66666667
175.45.176.0,149.171.126.12,80,tcp,http,Exploits,798,10,1348,8,168.5
175.45.176.1,149.171.126.12,111,tcp,,Reconnaissance,552,10,336,8,42
175.45.176.0,149.171.126.17,80,tcp,http,Exploits,1130,10,256,6,42.66666667
175.45.176.0,149.171.126.16,80,tcp,http,Generic,1102,12,22586,24,941.0833333
175.45.176.1,149.171.126.16,59191,tcp,ftp-data,Exploits,352,8,878,8,109.75
175.45.176.0,149.171.126.18,80,tcp,http,Exploits,886,10,256,6,42.66666667
175.45.176.2,149.171.126.11,80,tcp,http,Exploits,876,10,2018,8,252.25
175.45.176.2,149.171.126.12,10381,tcp,http,Exploits,812,10,256,6,42.66666667
175.45.176.2,149.171.126.12,179,tcp,,Fuzzers,928,16,544,10,54.4
175.45.176.1,149.171.126.19,21,tcp,ftp,Fuzzers,812,12,670,12,55.83333333
175.45.176.2,149.171.126.17,60418,tcp,ftp-data,DoS,352,8,256,6,42.66666667
175.45.176.2,149.171.126.11,179,tcp,,Fuzzers,618,10,256,6,42.66666667
175.45.176.2,149.171.126.11,179,tcp,,Fuzzers,3666,12,256,6,42.66666667
175.45.176.1,149.171.126.14,80,tcp,http,Exploits,750,10,256,6,42.66666667
175.45.176.0,149.171.126.17,21,tcp,ftp,Fuzzers,798,14,670,12,55.83333333
175.45.176.0,149.171.126.17,445,tcp,"gssapi,smb",Fuzzers,3014,12,712,8,89
175.45.176.1,149.171.126.15,111,tcp,,Reconnaissance,552,10,336,8,42
175.45.176.2,149.171.126.17,111,tcp,,Reconnaissance,552,10,336,8,42
175.45.176.3,149.171.126.14,80,tcp,http,Exploits,1374,24,144088,114,1263.929825
175.45.176.2,149.171.126.10,21,tcp,ftp,Fuzzers,620,12,670,12,55.83333333
175.45.176.2,149.171.126.16,80,tcp,http,Exploits,792,10,962,8,120.25
175.45.176.3,149.171.126.19,80,tcp,http,Exploits,886,12,18734,20,936.7
175.45.176.0,149.171.126.10,445,tcp,gssapi,Fuzzers,1250,12,748,8,93.5
175.45.176.2,149.171.126.16,21,tcp,ftp,Exploits,1240,24,1622,22,73.72727273
175.45.176.3,149.171.126.16,445,tcp,gssapi,Fuzzers,1214,12,780,10,78
175.45.176.1,149.171.126.18,25,tcp,smtp,Exploits,11054,26,1770,20,88.5
175.45.176.0,149.171.126.18,143,tcp,,Exploits,1218,24,35436,42,843.7142857
175.45.176.0,149.171.126.17,111,tcp,,Reconnaissance,552,10,336,8,42
175.45.176.1,149.171.126.10,111,tcp,,Reconnaissance,552,10,336,8,42
175.45.176.3,149.171.126.15,80,tcp,http,Fuzzers,68176,60,576,14,41.14285714
175.45.176.3,149.171.126.17,1723,tcp,,Fuzzers,744,10,336,8,42
175.45.176.3,149.171.126.18,25,tcp,smtp,Exploits,35966,44,1918,24,79.91666667
175.45.176.2,149.171.126.11,21,tcp,ftp,Fuzzers,574,12,670,12,55.83333333
175.45.176.3,149.171.126.13,445,tcp,"gssapi,smb",Fuzzers,1060,12,730,8,91.25
175.45.176.3,149.171.126.11,80,tcp,http,Exploits,770,10,3792,10,379.2
175.45.176.2,149.171.126.13,80,tcp,http,Generic,1128,10,874,10,87.4
175.45.176.2,149.171.126.17,111,tcp,,Reconnaissance,552,10,336,8,42
175.45.176.2,149.171.126.11,445,tcp,smb,Fuzzers,176882,140,976,24,40.66666667
175.45.176.0,149.171.126.17,80,tcp,http,Exploits,770,10,1558,8,194.75
149.171.126.12,175.45.176.1,53,udp,dns,DoS,192,2,192,2,96
175.45.176.0,149.171.126.10,62550,tcp,,Shellcode,518,10,336,8,42
175.45.176.2,149.171.126.15,80,tcp,http,Exploits,856,10,2212,8,276.5
175.45.176.1,149.171.126.15,111,tcp,,Reconnaissance,552,10,336,8,42
175.45.176.2,149.171.126.18,13841,tcp,,Exploits,556,12,728,8,91
175.45.176.3,149.171.126.18,80,tcp,,Fuzzers,68172,60,656,16,41
175.45.176.0,149.171.126.14,80,tcp,http,DoS,822,10,1230,8,153.75
175.45.176.1,149.171.126.12,80,tcp,http,Exploits,814,10,1516,10,151.6
175.45.176.2,149.171.126.12,80,tcp,http,Generic,2410,16,43336,42,1031.809524
175.45.176.2,149.171.126.10,80,tcp,http,Reconnaissance,956,10,336,8,42
175.45.176.2,149.171.126.15,80,tcp,http,Exploits,764,10,11978,16,748.625
175.45.176.1,149.171.126.11,12397,tcp,,Exploits,928,10,256,6,42.66666667
175.45.176.1,149.171.126.12,80,tcp,http,Fuzzers,682,10,336,8,42
175.45.176.1,149.171.126.11,80,tcp,,Fuzzers,68166,60,736,18,40.88888889
175.45.176.2,149.171.126.19,80,tcp,http,Reconnaissance,736,10,336,8,42
175.45.176.2,149.171.126.17,21,tcp,ftp,Exploits,1328,26,1600,22,72.72727273
175.45.176.0,149.171.126.10,80,tcp,http,Generic,45560,42,18576,24,774
175.45.176.3,149.171.126.11,111,tcp,,Reconnaissance,552,10,336,8,42
175.45.176.3,149.171.126.11,1723,tcp,,Fuzzers,744,10,256,6,42.66666667
175.45.176.0,149.171.126.15,80,tcp,http,Exploits,920,14,42904,36,1191.777778
175.45.176.0,149.171.126.11,10016,tcp,,Shellcode,602,10,256,6,42.66666667
175.45.176.2,149.171.126.17,135,tcp,dce_rpc,Fuzzers,576,10,336,8,42
175.45.176.1,149.171.126.18,8080,tcp,http,Exploits,1280,10,1122,10,112.2
175.45.176.3,149.171.126.12,2537,tcp,http,Exploits,1088,10,336,8,42
175.45.176.3,149.171.126.18,111,tcp,,Reconnaissance,552,10,336,8,42
175.45.176.1,149.171.126.18,111,tcp,,Reconnaissance,552,10,336,8,42
175.45.176.1,149.171.126.14,80,tcp,http,Reconnaissance,860,10,256,6,42.66666667
175.45.176.2,149.171.126.18,25,tcp,smtp,Exploits,218848,182,2732,44,62.09090909
175.45.176.3,149.171.126.12,80,tcp,http,Exploits,2006,10,336,8,42
175.45.176.3,149.171.126.19,80,tcp,http,Exploits,912,10,3740,10,374
175.45.176.2,149.171.126.11,80,tcp,http,Generic,2110,12,3042,10,304.2
175.45.176.3,149.171.126.16,1984,tcp,,Exploits,1212,10,256,6,42.66666667
175.45.176.0,149.171.126.16,445,tcp,gssapi,Fuzzers,1984,10,736,8,92
175.45.176.0,149.171.126.13,25,tcp,smtp,Exploits,31004,40,1782,22,81
175.45.176.3,149.171.126.10,2001,tcp,,Exploits,7214,14,336,8,42
175.45.176.3,149.171.126.17,143,tcp,imap,Generic,868,16,1330,14,95
175.45.176.3,149.171.126.11,111,tcp,,Reconnaissance,552,10,336,8,42
175.45.176.3,149.171.126.16,143,tcp,,Exploits,1416,28,72046,72,1000.638889
175.45.176.0,149.171.126.17,111,tcp,,Reconnaissance,552,10,336,8,42
175.45.176.2,149.171.126.16,25,tcp,smtp,Exploits,3330,20,1848,20,92.4
175.45.176.1,149.171.126.11,80,tcp,http,Generic,1302,12,2152,8,269
175.45.176.2,149.171.126.15,80,tcp,http,Fuzzers,682,10,256,6,42.66666667
175.45.176.3,149.171.126.17,179,tcp,,Fuzzers,868,16,746,14,53.28571429
175.45.176.3,149.171.126.19,80,tcp,http,Exploits,986,10,336,8,42
175.45.176.0,149.171.126.18,445,tcp,"smb,gssapi",Fuzzers,990,12,710,8,88.75
175.45.176.1,149.171.126.19,80,tcp,http,Reconnaissance,832,10,256,6,42.66666667
175.45.176.2,149.171.126.15,445,tcp,"smb,gssapi",Fuzzers,982,12,882,12,73.5
175.45.176.2,149.171.126.15,111,tcp,,Reconnaissance,552,10,336,8,42
175.45.176.0,149.171.126.14,105,tcp,,Generic,2436,10,256,6,42.66666667
175.45.176.2,149.171.126.18,80,tcp,http,Exploits,782,10,8172,12,681
175.45.176.1,149.171.126.12,80,tcp,http,Exploits,20162,26,31046,30,1034.866667
175.45.176.0,149.171.126.14,80,tcp,http,Exploits,898,12,20944,20,1047.2
175.45.176.2,149.171.126.16,80,tcp,http,Exploits,840,10,2438,10,243.8
175.45.176.1,149.171.126.11,80,tcp,http,Exploits,1682,32,207740,162,1282.345679
175.45.176.1,149.171.126.11,143,tcp,,Exploits,994,18,6938,20,346.9
175.45.176.1,149.171.126.12,179,tcp,,Fuzzers,906,16,624,12,52
175.45.176.1,149.171.126.18,179,tcp,,Fuzzers,22898,30,826,16,51.625
175.45.176.3,149.171.126.11,80,tcp,http,Generic,1342,10,3708,10,370.8
175.45.176.1,149.171.126.12,179,tcp,,Fuzzers,1524,16,624,12,52
175.45.176.2,149.171.126.14,21,tcp,ftp,Exploits,1180,22,1692,24,70.5
175.45.176.1,149.171.126.10,25,tcp,smtp,Exploits,94156,90,2192,30,73.06666667
175.45.176.0,149.171.126.11,21,tcp,ftp,Exploits,1344,26,1648,22,74.90909091
175.45.176.3,149.171.126.14,110,tcp,pop3,Exploits,1186,26,41356,48,861.5833333
175.45.176.3,149.171.126.18,80,tcp,http,Exploits,812,10,1372,8,171.5
175.45.176.1,149.171.126.15,6988,tcp,,Exploits,2108,10,256,6,42.66666667
175.45.176.0,149.171.126.12,80,tcp,http,Reconnaissance,780,10,336,8,42
175.45.176.1,149.171.126.13,111,tcp,,Reconnaissance,552,10,336,8,42
175.45.176.2,149.171.126.17,80,tcp,http,Reconnaissance,974,10,256,6,42.66666667
175.45.176.3,149.171.126.13,139,tcp,"smb,ntlm,gssapi",Exploits,2844,26,2720,28,97.14285714
175.45.176.3,149.171.126.15,1723,tcp,,Fuzzers,744,10,336,8,42
175.45.176.2,149.171.126.16,21,tcp,ftp,Exploits,1240,24,1606,22,73
175.45.176.1,149.171.126.14,80,tcp,http,Exploits,800,10,1076,8,134.5
175.45.176.2,149.171.126.12,808,tcp,,DoS,2724,10,256,6,42.66666667
175.45.176.2,149.171.126.14,25,tcp,smtp,Exploits,2622,20,1744,20,87.2
175.45.176.0,149.171.126.11,445,tcp,"gssapi,smb",Fuzzers,1034,12,798,10,79.8
175.45.176.1,149.171.126.14,21,tcp,ftp,Exploits,1232,24,1720,24,71.66666667
175.45.176.0,149.171.126.11,1723,tcp,,Fuzzers,744,10,336,8,42
175.45.176.2,149.171.126.19,80,tcp,http,Exploits,876,10,256,6,42.66666667
175.45.176.3,149.171.126.19,445,tcp,gssapi,Fuzzers,2014,12,758,8,94.75
175.45.176.1,149.171.126.10,80,tcp,http,Exploits,790,10,1776,8,222
175.45.176.0,149.171.126.12,445,tcp,"gssapi,smb",Fuzzers,998,12,734,8,91.75
175.45.176.3,149.171.126.15,25,tcp,smtp,Exploits,397842,320,3418,62,55.12903226
175.45.176.1,149.171.126.18,179,tcp,,Fuzzers,762,14,544,10,54.4
175.45.176.3,149.171.126.16,3306,tcp,,Exploits,844,12,550,10,55
175.45.176.0,149.171.126.19,179,tcp,,Fuzzers,522,10,256,6,42.66666667
175.45.176.3,149.171.126.12,25,tcp,smtp,Exploits,538810,426,4050,80,50.625
175.45.176.1,149.171.126.17,111,tcp,,Reconnaissance,552,10,336,8,42
175.45.176.1,149.171.126.19,80,tcp,http,Exploits,898,10,336,8,42
175.45.176.0,149.171.126.19,45988,tcp,,Exploits,2434,10,256,6,42.66666667
175.45.176.2,149.171.126.19,80,tcp,http,DoS,840,10,256,6,42.66666667
175.45.176.3,149.171.126.14,143,tcp,,Exploits,994,18,12800,24,533.3333333
175.45.176.3,149.171.126.10,80,tcp,http,Generic,546,10,994,8,124.25
175.45.176.0,149.171.126.19,179,tcp,,Fuzzers,530,10,256,6,42.66666667
175.45.176.0,149.171.126.19,1723,tcp,,Fuzzers,2504,10,336,8,42
175.45.176.0,149.171.126.14,139,tcp,"ntlm,dce_rpc,gssapi,smb",Exploits,5138,28,3326,26,127.9230769
175.45.176.2,149.171.126.14,1723,tcp,,Fuzzers,2536,10,256,6,42.66666667
175.45.176.3,149.171.126.19,25,tcp,smtp,Exploits,740424,562,5292,108,49
175.45.176.1,149.171.126.12,80,tcp,http,Exploits,824,10,4350,10,435
175.45.176.1,149.171.126.17,110,tcp,pop3,Exploits,1126,24,49502,52,951.9615385
175.45.176.3,149.171.126.16,111,tcp,,Reconnaissance,552,10,336,8,42
175.45.176.3,149.171.126.14,2001,tcp,http,Exploits,1586,16,59940,50,1198.8
175.45.176.1,149.171.126.19,80,tcp,http,Exploits,970,10,336,8,42
175.45.176.0,149.171.126.17,23,tcp,,Exploits,786,14,506,10,50.6
175.45.176.2,149.171.126.14,3443,tcp,http,Exploits,1560,10,256,6,42.66666667
175.45.176.1,149.171.126.16,445,tcp,"gssapi,smb",Fuzzers,1026,12,910,12,75.83333333
175.45.176.3,149.171.126.15,80,tcp,http,Exploits,846,12,19746,20,987.3
175.45.176.2,149.171.126.11,80,tcp,http,Generic,1150,10,1802,8,225.25
175.45.176.3,149.171.126.14,179,tcp,,Fuzzers,534,10,336,8,42
175.45.176.2,149.171.126.13,111,tcp,,Reconnaissance,552,10,336,8,42
175.45.176.1,149.171.126.17,111,tcp,,Reconnaissance,552,10,336,8,42
175.45.176.1,149.171.126.16,80,tcp,http,Exploits,820,10,2674,8,334.25
175.45.176.3,149.171.126.16,80,tcp,http,Exploits,832,10,3124,8,390.5
175.45.176.3,149.171.126.12,2001,tcp,,Exploits,8310,14,336,8,42
175.45.176.2,149.171.126.19,25,tcp,smtp,Exploits,35448,46,1924,24,80.16666667
175.45.176.0,149.171.126.14,80,tcp,http,Exploits,855,7,176,4,44
175.45.176.2,149.171.126.10,80,tcp,http,Exploits,1128,10,256,6,42.66666667
175.45.176.0,149.171.126.14,25,tcp,smtp,Exploits,3010,20,1782,20,89.1
175.45.176.2,149.171.126.11,111,tcp,,Reconnaissance,552,10,336,8,42
175.45.176.1,149.171.126.17,119,tcp,,Exploits,3462,80,552212,432,1278.268519
175.45.176.0,149.171.126.12,515,tcp,,Exploits,1452,18,666,16,41.625
175.45.176.1,149.171.126.17,25,tcp,smtp,Generic,4838,22,1154,20,57.7
175.45.176.2,149.171.126.12,80,tcp,http,Exploits,2246,46,326568,258,1265.767442
175.45.176.1,149.171.126.11,80,tcp,http,DoS,3854,12,256,6,42.66666667
175.45.176.3,149.171.126.14,80,tcp,http,Exploits,866,10,256,6,42.66666667
175.45.176.3,149.171.126.15,80,tcp,http,Exploits,2832,62,474038,360,1316.772222
175.45.176.1,149.171.126.17,445,tcp,"gssapi,smb",Fuzzers,1222,12,804,10,80.4
175.45.176.1,149.171.126.12,110,tcp,pop3,Exploits,1108,24,39730,46,863.6956522
175.45.176.2,149.171.126.13,49152,tcp,http,Exploits,3790,12,256,6,42.66666667
175.45.176.3,149.171.126.11,445,tcp,"smb,gssapi,ntlm,dce_rpc",Exploits,8562,76,9632,80,120.4
175.45.176.3,149.171.126.18,23,tcp,,Exploits,938,14,610,12,50.83333333
175.45.176.2,149.171.126.10,111,tcp,,Reconnaissance,552,10,336,8,42
175.45.176.2,149.171.126.11,80,tcp,http,Exploits,818,10,2328,8,291
175.45.176.1,149.171.126.11,80,tcp,http,Exploits,62012,54,496,12,41.33333333
175.45.176.2,149.171.126.15,4207,tcp,http,DoS,914,10,336,8,42
175.45.176.3,149.171.126.13,80,tcp,http,Exploits,1378,10,256,6,42.66666667
175.45.176.1,149.171.126.16,179,tcp,,Fuzzers,534,10,256,6,42.66666667
175.45.176.1,149.171.126.14,80,tcp,http,Exploits,1456,10,1042,8,130.25
175.45.176.0,149.171.126.10,80,tcp,http,Exploits,788,10,7200,12,600
175.45.176.1,149.171.126.13,135,tcp,,Fuzzers,1600,10,336,8,42
175.45.176.2,149.171.126.18,25,tcp,smtp,Generic,2702,14,730,10,73
175.45.176.1,149.171.126.11,445,tcp,"gssapi,smb",Fuzzers,5146,14,710,8,88.75
175.45.176.1,149.171.126.16,445,tcp,"gssapi,smb",Fuzzers,1034,12,696,8,87
175.45.176.1,149.171.126.15,80,tcp,http,DoS,816,10,1846,8,230.75
175.45.176.3,149.171.126.17,445,tcp,"gssapi,ntlm,smb",Fuzzers,1342,12,700,8,87.5
175.45.176.2,149.171.126.14,179,tcp,,Fuzzers,996,18,778,14,55.57142857
175.45.176.3,149.171.126.16,179,tcp,,Fuzzers,762,14,544,10,54.4
175.45.176.0,149.171.126.17,21,tcp,ftp,Exploits,1316,26,1596,22,72.54545455
175.45.176.1,149.171.126.15,8080,tcp,http,Exploits,2486,10,256,6,42.66666667
175.45.176.0,149.171.126.10,111,udp,,Reconnaissance,168,2,0,0,9.22E+18
175.45.176.0,149.171.126.16,111,udp,,Reconnaissance,168,2,0,0,9.22E+18
175.45.176.0,149.171.126.17,520,udp,,Fuzzers,64,2,0,0,9.22E+18
175.45.176.0,149.171.126.10,520,udp,,Fuzzers,104,2,0,0,9.22E+18
175.45.176.2,149.171.126.13,520,udp,,Fuzzers,104,2,0,0,9.22E+18
175.45.176.1,149.171.126.19,5600,udp,,Fuzzers,3006,2,0,0,9.22E+18
175.45.176.3,149.171.126.14,520,udp,,Fuzzers,1064,2,0,0,9.22E+18
175.45.176.3,149.171.126.15,111,udp,,Reconnaissance,168,2,0,0,9.22E+18
175.45.176.2,149.171.126.11,520,udp,,Fuzzers,104,2,0,0,9.22E+18
175.45.176.1,149.171.126.18,514,udp,,Fuzzers,2068,2,0,0,9.22E+18
175.45.176.1,149.171.126.11,514,udp,,Fuzzers,482,2,0,0,9.22E+18
175.45.176.1,149.171.126.11,520,udp,,Fuzzers,64,2,0,0,9.22E+18
175.45.176.2,149.171.126.10,3217,udp,,DoS,2582,2,0,0,9.22E+18
175.45.176.2,149.171.126.12,111,udp,,Reconnaissance,168,2,0,0,9.22E+18
175.45.176.2,149.171.126.10,65535,udp,,Generic,656,2,0,0,9.22E+18
175.45.176.0,149.171.126.10,514,udp,,Fuzzers,190,2,0,0,9.22E+18
175.45.176.1,149.171.126.10,111,udp,,Reconnaissance,168,2,0,0,9.22E+18
175.45.176.1,149.171.126.10,520,udp,,Fuzzers,1064,2,0,0,9.22E+18
175.45.176.3,149.171.126.19,111,udp,,Reconnaissance,168,2,0,0,9.22E+18
175.45.176.1,149.171.126.15,137,udp,dns,Reconnaissance,156,2,0,0,9.22E+18
175.45.176.2,149.171.126.10,514,udp,,Fuzzers,2116,2,0,0,9.22E+18
175.45.176.2,149.171.126.16,4467,udp,,Exploits,2204,2,0,0,9.22E+18
175.45.176.2,149.171.126.16,520,udp,,Fuzzers,1064,2,0,0,9.22E+18
175.45.176.1,149.171.126.18,62934,udp,,Shellcode,240,2,0,0,9.22E+18
175.45.176.1,149.171.126.13,111,udp,,Reconnaissance,168,2,0,0,9.22E+18
175.45.176.1,149.171.126.16,69,udp,,Fuzzers,3006,2,0,0,9.22E+18
175.45.176.2,149.171.126.12,111,udp,,Reconnaissance,168,2,0,0,9.22E+18
175.45.176.0,149.171.126.18,5060,udp,,Generic,1456,2,0,0,9.22E+18
175.45.176.1,149.171.126.13,520,udp,,Fuzzers,104,2,0,0,9.22E+18
175.45.176.0,149.171.126.11,80,tcp,http,Exploits,1170,10,336,8,42
175.45.176.3,149.171.126.17,80,tcp,http,Generic,1258,12,2308,10,230.8
175.45.176.0,149.171.126.17,60396,tcp,ftp-data,Exploits,2112,52,388322,300,1294.406667
175.45.176.2,149.171.126.18,111,tcp,,Reconnaissance,552,10,336,8,42
175.45.176.0,149.171.126.15,80,tcp,http,Exploits,804,10,3562,10,356.2
175.45.176.1,149.171.126.11,179,tcp,,Fuzzers,522,10,256,6,42.66666667
175.45.176.0,149.171.126.17,445,tcp,"gssapi,ntlm,smb",Generic,3798,28,26356,38,693.5789474
175.45.176.3,149.171.126.10,80,tcp,http,Exploits,5194,12,1038,8,129.75
175.45.176.0,149.171.126.14,80,tcp,http,Exploits,834,10,1622,8,202.75
175.45.176.1,149.171.126.10,445,tcp,"smb,gssapi",Fuzzers,1054,12,724,8,90.5
175.45.176.2,149.171.126.18,139,tcp,"smb,gssapi,ntlm",Exploits,2710,22,2760,18,153.3333333
175.45.176.0,149.171.126.19,80,tcp,,Fuzzers,68082,58,576,14,41.14285714
175.45.176.0,149.171.126.10,143,tcp,,Exploits,1560,32,132830,116,1145.086207
175.45.176.0,149.171.126.16,80,tcp,http,Generic,1354,10,1510,8,188.75
175.45.176.1,149.171.126.16,80,tcp,http,Reconnaissance,840,10,256,6,42.66666667
175.45.176.1,149.171.126.15,25,tcp,smtp,Exploits,30806,40,1842,24,76.75
175.45.176.0,149.171.126.10,445,tcp,"gssapi,smb",Fuzzers,1060,12,840,10,84
175.45.176.2,149.171.126.16,80,tcp,http,Generic,3342,66,515490,386,1335.466321
175.45.176.3,149.171.126.15,25,tcp,smtp,Exploits,152692,132,2526,36,70.16666667
175.45.176.1,149.171.126.12,13841,tcp,,Exploits,556,12,808,10,80.8
175.45.176.2,149.171.126.10,80,tcp,,Exploits,2542,18,19218,28,686.3571429
175.45.176.0,149.171.126.19,80,tcp,http,Exploits,948,10,336,8,42
175.45.176.0,149.171.126.11,5060,udp,,Generic,1444,4,2832,6,472
175.45.176.1,149.171.126.15,80,tcp,http,Exploits,674,10,2140,8,267.5
175.45.176.0,149.171.126.16,80,tcp,http,Exploits,1324,24,128268,102,1257.529412
175.45.176.1,149.171.126.11,80,tcp,http,Exploits,1012,10,1152,8,144
175.45.176.0,149.171.126.18,110,tcp,pop3,Exploits,1090,24,47138,52,906.5
175.45.176.1,149.171.126.17,80,tcp,http,Exploits,858,10,336,8,42
175.45.176.1,149.171.126.12,389,tcp,,Exploits,802,12,472,10,47.2
175.45.176.3,149.171.126.19,80,tcp,http,Exploits,834,12,4214,10,421.4
175.45.176.2,149.171.126.16,445,tcp,"smb,ntlm,gssapi",Fuzzers,3374,12,816,10,81.6
175.45.176.3,149.171.126.19,80,tcp,http,Exploits,826,10,1110,8,138.75
175.45.176.3,149.171.126.14,80,tcp,http,Exploits,788,10,4338,10,433.8
175.45.176.0,149.171.126.12,63188,tcp,ftp-data,Exploits,352,8,1224,8,153
175.45.176.2,149.171.126.15,111,tcp,,Reconnaissance,552,10,336,8,42
175.45.176.2,149.171.126.12,25,tcp,smtp,Exploits,6162,26,1692,20,84.6
175.45.176.2,149.171.126.15,143,tcp,,Exploits,1472,30,116174,102,1138.960784
175.45.176.1,149.171.126.12,25,tcp,smtp,DoS,19720,34,2038,24,84.91666667
175.45.176.1,149.171.126.15,25,tcp,smtp,Exploits,82792,78,2162,28,77.21428571
175.45.176.1,149.171.126.17,3306,tcp,mysql,Exploits,596,10,634,10,63.4
175.45.176.3,149.171.126.11,111,tcp,,Reconnaissance,552,10,336,8,42
175.45.176.0,149.171.126.17,21,tcp,ftp,Fuzzers,878,16,670,12,55.83333333
175.45.176.1,149.171.126.19,445,tcp,gssapi,Fuzzers,2014,12,698,8,87.25
175.45.176.0,149.171.126.15,1723,tcp,,Fuzzers,744,10,256,6,42.66666667
175.45.176.2,149.171.126.19,445,tcp,"ntlm,smb,dce_rpc",DoS,2950,22,2630,22,119.5454545
175.45.176.2,149.171.126.19,25,tcp,smtp,DoS,24480,36,1856,22,84.36363636
175.45.176.3,149.171.126.14,111,tcp,,Reconnaissance,552,10,336,8,42
175.45.176.1,149.171.126.14,19985,tcp,,Exploits,780,10,336,8,42
175.45.176.2,149.171.126.10,80,tcp,http,Exploits,802,10,5220,10,522
175.45.176.1,149.171.126.15,445,tcp,"smb,gssapi",Fuzzers,3020,12,812,10,81.2
175.45.176.1,149.171.126.14,80,tcp,http,Reconnaissance,818,10,336,8,42
175.45.176.0,149.171.126.14,110,tcp,pop3,Exploits,940,20,14198,28,507.0714286
175.45.176.3,149.171.126.16,135,tcp,,Fuzzers,576,10,336,8,42
175.45.176.3,149.171.126.17,80,tcp,http,DoS,3904,86,679724,516,1317.294574
175.45.176.0,149.171.126.12,445,tcp,"gssapi,smb",Fuzzers,1118,12,798,10,79.8
175.45.176.2,149.171.126.16,80,tcp,http,Reconnaissance,856,10,256,6,42.66666667
175.45.176.3,149.171.126.16,111,tcp,,Reconnaissance,552,10,336,8,42
175.45.176.0,149.171.126.14,135,tcp,,Fuzzers,1600,10,256,6,42.66666667
175.45.176.1,149.171.126.10,111,tcp,,Reconnaissance,552,10,336,8,42
175.45.176.2,149.171.126.13,25,tcp,smtp,Exploits,94124,88,2098,30,69.93333333
175.45.176.3,149.171.126.14,445,tcp,"smb,gssapi",Fuzzers,3030,12,722,8,90.25
175.45.176.2,149.171.126.12,80,tcp,http,Exploits,1704,10,256,6,42.66666667
175.45.176.1,149.171.126.16,1581,tcp,,DoS,492,10,504,10,50.4
175.45.176.2,149.171.126.13,80,tcp,http,DoS,792,10,1618,8,202.25
175.45.176.2,149.171.126.10,25,tcp,smtp,Exploits,55548,62,2190,28,78.21428571
175.45.176.3,149.171.126.19,445,tcp,"gssapi,smb",Fuzzers,1054,12,712,8,89
175.45.176.2,149.171.126.16,80,tcp,http,Exploits,872,10,1396,8,174.5
175.45.176.3,149.171.126.11,3306,tcp,mysql,Exploits,676,12,634,10,63.4
175.45.176.1,149.171.126.17,25,tcp,smtp,Exploits,32204,40,1712,22,77.81818182
175.45.176.1,149.171.126.15,80,tcp,http,Exploits,810,10,2534,8,316.75
175.45.176.2,149.171.126.11,179,tcp,,Fuzzers,522,10,256,6,42.66666667
175.45.176.1,149.171.126.10,445,tcp,gssapi,Fuzzers,1150,12,724,8,90.5
175.45.176.2,149.171.126.18,25,tcp,smtp,Exploits,11798,28,1728,20,86.4
175.45.176.2,149.171.126.11,1723,tcp,,Fuzzers,744,10,336,8,42
175.45.176.2,149.171.126.12,80,tcp,http,Reconnaissance,930,10,336,8,42
175.45.176.0,149.171.126.10,25,tcp,smtp,Exploits,2475150,1874,12760,298,42.81879195
175.45.176.0,149.171.126.14,445,tcp,"smb,gssapi",Fuzzers,986,12,684,8,85.5
175.45.176.0,149.171.126.13,445,tcp,,Fuzzers,1538,10,256,6,42.66666667
175.45.176.2,149.171.126.11,80,tcp,http,Exploits,742,10,4200,10,420
175.45.176.0,149.171.126.15,80,tcp,http,Exploits,2608,52,351662,272,1292.875
175.45.176.0,149.171.126.11,21,tcp,ftp,Exploits,1248,24,1648,22,74.90909091
175.45.176.3,149.171.126.15,111,tcp,,Reconnaissance,552,10,336,8,42
175.45.176.1,149.171.126.18,80,tcp,http,Reconnaissance,730,10,256,6,42.66666667
175.45.176.3,149.171.126.19,1723,tcp,,Fuzzers,744,10,256,6,42.66666667
175.45.176.1,149.171.126.12,80,tcp,http,Reconnaissance,810,10,256,6,42.66666667
175.45.176.2,149.171.126.17,143,tcp,,Exploits,1962,42,195572,164,1192.512195
175.45.176.3,149.171.126.19,110,tcp,pop3,Exploits,938,20,8582,24,357.5833333
175.45.176.2,149.171.126.10,445,tcp,"gssapi,smb",Fuzzers,978,12,726,8,90.75
175.45.176.2,149.171.126.11,80,tcp,http,Exploits,834,10,1308,8,163.5
175.45.176.1,149.171.126.19,80,tcp,http,Exploits,11886,18,5430,10,543
175.45.176.2,149.171.126.12,143,tcp,,Exploits,1554,32,129656,114,1137.333333
175.45.176.2,149.171.126.10,80,tcp,http,Exploits,1756,16,33452,32,1045.375
175.45.176.0,149.171.126.19,111,tcp,,Reconnaissance,552,10,336,8,42
175.45.176.2,149.171.126.10,111,tcp,,Reconnaissance,552,10,336,8,42
175.45.176.0,149.171.126.10,23,tcp,,Exploits,786,14,506,10,50.6
175.45.176.1,149.171.126.18,21,tcp,ftp,Exploits,1228,24,1618,22,73.54545455
175.45.176.1,149.171.126.15,445,tcp,"gssapi,smb",Fuzzers,1110,12,752,8,94
175.45.176.2,149.171.126.16,5168,tcp,dce_rpc,Exploits,4016,14,536,10,53.6
175.45.176.2,149.171.126.11,21,tcp,ftp,Exploits,1340,26,1598,22,72.63636364
175.45.176.3,149.171.126.12,14098,tcp,,Shellcode,532,10,256,6,42.66666667
175.45.176.2,149.171.126.17,111,tcp,,Reconnaissance,552,10,336,8,42
175.45.176.0,149.171.126.15,110,tcp,pop3,Exploits,1024,22,31026,40,775.65
175.45.176.2,149.171.126.14,80,tcp,http,Exploits,918,14,51914,44,1179.863636
175.45.176.3,149.171.126.15,80,tcp,http,Reconnaissance,864,10,256,6,42.66666667
175.45.176.1,149.171.126.15,80,tcp,http,Reconnaissance,946,10,336,8,42
175.45.176.3,149.171.126.15,111,tcp,,Reconnaissance,552,10,336,8,42
175.45.176.2,149.171.126.11,179,tcp,,Fuzzers,522,10,336,8,42
175.45.176.1,149.171.126.18,80,tcp,http,Exploits,880,10,15708,18,872.6666667
175.45.176.0,149.171.126.16,111,tcp,,Reconnaissance,552,10,336,8,42
175.45.176.2,149.171.126.16,25,tcp,smtp,Exploits,83178,78,2092,28,74.71428571
175.45.176.1,149.171.126.15,80,tcp,http,DoS,788,10,2526,10,252.6
175.45.176.2,149.171.126.14,139,tcp,"smb,gssapi,ntlm,dce_rpc",DoS,3472,26,3074,24,128.0833333
175.45.176.1,149.171.126.15,179,tcp,,Fuzzers,192,4,96,2,48
175.45.176.2,149.171.126.18,445,tcp,smb,Fuzzers,231250,184,1296,32,40.5
175.45.176.1,149.171.126.13,53,tcp,,Exploits,3684,12,256,6,42.66666667
175.45.176.1,149.171.126.13,21,tcp,ftp,Exploits,1224,24,1646,22,74.81818182
175.45.176.1,149.171.126.14,80,tcp,http,Exploits,780,10,1072,8,134
175.45.176.2,149.171.126.14,80,tcp,http,Fuzzers,68180,60,736,18,40.88888889
175.45.176.0,149.171.126.15,80,tcp,http,Fuzzers,68172,60,576,14,41.14285714
175.45.176.3,149.171.126.14,179,tcp,,Fuzzers,17254,20,336,8,42
175.45.176.2,149.171.126.19,25,tcp,smtp,Generic,30994,38,1904,24,79.33333333
175.45.176.1,149.171.126.18,80,tcp,http,Exploits,1454,26,143428,116,1236.448276
175.45.176.0,149.171.126.17,110,tcp,pop3,Exploits,1476,34,132820,118,1125.59322
175.45.176.1,149.171.126.15,179,tcp,,Fuzzers,570,10,336,8,42
175.45.176.2,149.171.126.16,80,tcp,http,Reconnaissance,950,10,256,6,42.66666667
175.45.176.0,149.171.126.15,443,tcp,ssl,Exploits,740,12,2036,10,203.6
175.45.176.3,149.171.126.14,111,tcp,,Reconnaissance,552,10,336,8,42
175.45.176.0,149.171.126.19,80,tcp,http,Exploits,878,10,256,6,42.66666667
175.45.176.0,149.171.126.15,21,tcp,ftp,Fuzzers,814,12,670,12,55.83333333
175.45.176.1,149.171.126.15,445,tcp,"gssapi,smb",Fuzzers,3030,12,768,10,76.8
175.45.176.3,149.171.126.10,445,tcp,"gssapi,smb",Fuzzers,1112,12,732,8,91.5
175.45.176.1,149.171.126.10,110,tcp,pop3,Exploits,1132,24,40064,46,870.9565217
175.45.176.0,149.171.126.14,445,tcp,"gssapi,smb",Fuzzers,982,12,892,12,74.33333333
175.45.176.2,149.171.126.16,80,tcp,http,Exploits,880,10,256,6,42.66666667
175.45.176.1,149.171.126.12,46823,tcp,,Exploits,2202,10,256,6,42.66666667
175.45.176.2,149.171.126.13,80,tcp,http,Exploits,1198,10,336,8,42
175.45.176.2,149.171.126.11,80,tcp,http,Generic,804,10,256,6,42.66666667
175.45.176.2,149.171.126.13,28293,tcp,,Exploits,696,10,336,8,42
175.45.176.1,149.171.126.11,25,tcp,smtp,Exploits,3800,24,1760,22,80
175.45.176.1,149.171.126.10,60538,tcp,,DoS,1632,10,336,8,42
175.45.176.2,149.171.126.17,25,tcp,smtp,Exploits,18890,30,1756,22,79.81818182
175.45.176.0,149.171.126.14,912,tcp,,Exploits,946,10,256,6,42.66666667
175.45.176.1,149.171.126.15,179,tcp,,Fuzzers,660,10,336,8,42
175.45.176.3,149.171.126.15,111,tcp,,Reconnaissance,552,10,336,8,42
175.45.176.3,149.171.126.16,80,tcp,http,Exploits,842,10,256,6,42.66666667
175.45.176.0,149.171.126.11,80,tcp,http,Exploits,790,10,3108,8,388.5
175.45.176.3,149.171.126.19,80,tcp,http,Generic,1180,10,1810,8,226.25
175.45.176.3,149.171.126.12,445,tcp,"smb,gssapi",Fuzzers,1048,12,732,8,91.5
175.45.176.1,149.171.126.17,445,tcp,"gssapi,smb",Fuzzers,1058,12,790,10,79
175.45.176.1,149.171.126.16,8045,tcp,,Exploits,1112,12,608,8,76
175.45.176.2,149.171.126.15,1753,tcp,http,Exploits,5890,12,336,8,42
175.45.176.2,149.171.126.14,1723,tcp,,Fuzzers,2472,10,256,6,42.66666667
175.45.176.3,149.171.126.13,80,tcp,http,Exploits,816,10,1292,10,129.2
175.45.176.3,149.171.126.15,111,tcp,,Reconnaissance,552,10,336,8,42
175.45.176.3,149.171.126.14,3050,tcp,,Generic,480,10,336,8,42
175.45.176.0,149.171.126.18,80,tcp,http,Exploits,1558,12,9254,14,661
175.45.176.2,149.171.126.19,111,tcp,,Reconnaissance,552,10,336,8,42
175.45.176.3,149.171.126.14,111,tcp,,Reconnaissance,552,10,336,8,42
175.45.176.2,149.171.126.15,139,tcp,"ntlm,smb,dce_rpc,gssapi",Exploits,4988,28,3336,26,128.3076923
175.45.176.3,149.171.126.16,80,tcp,http,DoS,794,10,1644,8,205.5
175.45.176.3,149.171.126.19,1723,tcp,,Fuzzers,2472,10,336,8,42
175.45.176.1,149.171.126.13,111,tcp,,Reconnaissance,552,10,336,8,42
175.45.176.1,149.171.126.10,80,tcp,http,Exploits,900,10,256,6,42.66666667
175.45.176.3,149.171.126.18,1723,tcp,,Fuzzers,2504,10,256,6,42.66666667
175.45.176.1,149.171.126.10,443,tcp,,Exploits,1518,14,2242,10,224.2
175.45.176.3,149.171.126.11,80,tcp,http,Exploits,798,10,3228,8,403.5
175.45.176.3,149.171.126.19,53879,tcp,ftp-data,Exploits,352,8,634,8,79.25
175.45.176.0,149.171.126.12,111,tcp,,Reconnaissance,552,10,336,8,42
175.45.176.0,149.171.126.13,111,tcp,,Reconnaissance,552,10,336,8,42
175.45.176.3,149.171.126.17,80,tcp,http,Exploits,856,12,19838,22,901.7272727
175.45.176.0,149.171.126.11,80,tcp,http,Exploits,794,10,2856,10,285.6
175.45.176.3,149.171.126.17,111,tcp,,Reconnaissance,552,10,336,8,42
175.45.176.3,149.171.126.13,80,tcp,http,Exploits,1226,10,336,8,42
175.45.176.3,149.171.126.12,80,tcp,http,Reconnaissance,866,10,256,6,42.66666667
175.45.176.1,149.171.126.15,179,tcp,,Fuzzers,550,10,256,6,42.66666667
175.45.176.3,149.171.126.14,25,tcp,smtp,Exploits,20632,34,1824,22,82.90909091
175.45.176.0,149.171.126.15,80,tcp,http,Reconnaissance,844,10,256,6,42.66666667
175.45.176.0,149.171.126.10,111,tcp,,Reconnaissance,552,10,336,8,42
175.45.176.2,149.171.126.11,25,tcp,smtp,DoS,2922,22,1678,20,83.9
175.45.176.2,149.171.126.16,111,tcp,,Reconnaissance,552,10,336,8,42
175.45.176.0,149.171.126.12,20102,tcp,,DoS,2256,10,256,6,42.66666667
175.45.176.3,149.171.126.17,21,tcp,ftp,Exploits,1180,22,1602,22,72.81818182
175.45.176.1,149.171.126.13,4848,tcp,http,Exploits,1200,10,256,6,42.66666667
175.45.176.0,149.171.126.12,80,tcp,http,Exploits,954,14,41982,38,1104.789474
175.45.176.2,149.171.126.13,110,tcp,pop3,Exploits,954,20,3358,20,167.9
175.45.176.3,149.171.126.11,80,tcp,http,Exploits,768,10,1430,10,143
175.45.176.0,149.171.126.11,8028,tcp,,Exploits,5964,14,800,8,100
175.45.176.1,149.171.126.18,445,tcp,"gssapi,smb",Fuzzers,982,12,810,10,81
175.45.176.0,149.171.126.12,80,tcp,http,DoS,908,10,1686,10,168.6
175.45.176.1,149.171.126.19,25,tcp,smtp,Exploits,31084,40,2052,26,78.92307692
175.45.176.2,149.171.126.15,80,tcp,http,Exploits,1284,10,336,8,42
175.45.176.1,149.171.126.14,25,tcp,smtp,Exploits,391762,316,3434,62,55.38709677
175.45.176.3,149.171.126.18,80,tcp,http,Exploits,828,10,1408,8,176
175.45.176.2,149.171.126.11,25,tcp,smtp,Exploits,2512,20,1594,20,79.7
175.45.176.1,149.171.126.13,179,tcp,,Fuzzers,522,10,336,8,42
175.45.176.1,149.171.126.10,80,tcp,http,Exploits,732,10,5558,10,555.8
175.45.176.0,149.171.126.16,80,tcp,http,Exploits,3580,12,336,8,42
175.45.176.1,149.171.126.16,111,tcp,,Reconnaissance,552,10,336,8,42
175.45.176.0,149.171.126.18,80,tcp,,Fuzzers,68164,60,576,14,41.14285714
175.45.176.0,149.171.126.11,80,tcp,http,Exploits,800,10,920,8,115
175.45.176.3,149.171.126.13,25,tcp,smtp,Exploits,31096,40,1824,22,82.90909091
175.45.176.1,149.171.126.19,50502,tcp,ftp-data,Exploits,352,8,5508,10,550.8
175.45.176.0,149.171.126.10,111,tcp,,Reconnaissance,552,10,336,8,42
175.45.176.0,149.171.126.15,25,tcp,smtp,Exploits,186260,160,2648,40,66.2
175.45.176.2,149.171.126.12,7777,tcp,http,Exploits,2496,10,256,6,42.66666667
175.45.176.0,149.171.126.13,21,tcp,ftp,DoS,686,14,916,14,65.42857143
175.45.176.1,149.171.126.11,111,tcp,,Reconnaissance,552,10,336,8,42
175.45.176.3,149.171.126.10,1111,tcp,,Generic,438,10,256,6,42.66666667
175.45.176.1,149.171.126.12,80,tcp,http,Exploits,970,14,41936,36,1164.888889
175.45.176.1,149.171.126.10,80,tcp,http,Exploits,884,10,336,8,42
175.45.176.2,149.171.126.11,179,tcp,,Fuzzers,644,10,256,6,42.66666667
175.45.176.2,149.171.126.11,80,tcp,http,Exploits,774,10,9162,12,763.5
175.45.176.3,149.171.126.17,143,tcp,,Exploits,2684,60,366330,290,1263.206897
175.45.176.0,149.171.126.15,179,tcp,,Fuzzers,8842,14,336,8,42
175.45.176.2,149.171.126.11,80,tcp,http,DoS,10566,16,256,6,42.66666667
175.45.176.1,149.171.126.18,80,tcp,http,Exploits,818,10,1294,8,161.75
175.45.176.2,149.171.126.15,80,tcp,http,Fuzzers,502,10,256,6,42.66666667
175.45.176.0,149.171.126.13,179,tcp,,Fuzzers,2050,10,336,8,42
175.45.176.0,149.171.126.14,111,tcp,,Reconnaissance,552,10,336,8,42
175.45.176.2,149.171.126.12,35038,udp,,Shellcode,142,2,0,0,9.22E+18
175.45.176.3,149.171.126.13,111,udp,,Reconnaissance,168,2,0,0,9.22E+18
175.45.176.3,149.171.126.12,111,udp,,Reconnaissance,168,2,0,0,9.22E+18
175.45.176.3,149.171.126.16,111,udp,,Reconnaissance,168,2,0,0,9.22E+18
175.45.176.3,149.171.126.12,39083,udp,,Shellcode,494,2,0,0,9.22E+18
175.45.176.1,149.171.126.13,111,udp,,Reconnaissance,168,2,0,0,9.22E+18
175.45.176.0,149.171.126.17,520,udp,,Fuzzers,104,2,0,0,9.22E+18
175.45.176.0,149.171.126.13,111,udp,,Reconnaissance,168,2,0,0,9.22E+18
175.45.176.2,149.171.126.11,520,udp,,Fuzzers,104,2,0,0,9.22E+18
175.45.176.3,149.171.126.11,514,udp,,Fuzzers,928,2,0,0,9.22E+18
175.45.176.0,149.171.126.11,520,udp,,Fuzzers,104,2,0,0,9.22E+18
175.45.176.2,149.171.126.19,520,udp,,Fuzzers,104,2,0,0,9.22E+18
175.45.176.0,149.171.126.14,111,udp,,Reconnaissance,168,2,0,0,9.22E+18
175.45.176.3,149.171.126.15,520,udp,,Fuzzers,104,2,0,0,9.22E+18
175.45.176.0,149.171.126.18,5600,udp,,Fuzzers,2998,2,0,0,9.22E+18
175.45.176.1,149.171.126.11,514,udp,,Fuzzers,790,2,0,0,9.22E+18
175.45.176.2,149.171.126.13,138,udp,,Exploits,1132,2,0,0,9.22E+18
175.45.176.2,149.171.126.19,514,udp,,Fuzzers,520,2,0,0,9.22E+18
175.45.176.0,149.171.126.15,520,udp,,Fuzzers,104,2,0,0,9.22E+18
175.45.176.3,149.171.126.10,111,udp,,Reconnaissance,168,2,0,0,9.22E+18
175.45.176.0,149.171.126.15,19706,udp,,Shellcode,744,2,0,0,9.22E+18
175.45.176.2,149.171.126.11,520,udp,,Fuzzers,104,2,0,0,9.22E+18
175.45.176.0,149.171.126.13,111,udp,,Reconnaissance,168,2,0,0,9.22E+18
175.45.176.0,149.171.126.19,111,udp,,Reconnaissance,168,2,0,0,9.22E+18
175.45.176.3,149.171.126.13,514,udp,,Fuzzers,154,2,0,0,9.22E+18
175.45.176.2,149.171.126.12,520,udp,,Fuzzers,104,2,0,0,9.22E+18
175.45.176.3,149.171.126.10,520,udp,,Fuzzers,1064,2,0,0,9.22E+18
175.45.176.0,149.171.126.17,111,udp,,Reconnaissance,168,2,0,0,9.22E+18
175.45.176.1,149.171.126.18,111,udp,,Reconnaissance,168,2,0,0,9.22E+18
175.45.176.3,149.171.126.11,514,udp,,Fuzzers,1776,2,0,0,9.22E+18
175.45.176.0,149.171.126.10,520,udp,,Fuzzers,104,2,0,0,9.22E+18
175.45.176.3,149.171.126.11,514,udp,,Fuzzers,1428,2,0,0,9.22E+18
175.45.176.3,149.171.126.11,520,udp,,Fuzzers,1024,2,0,0,9.22E+18
175.45.176.0,149.171.126.11,53,udp,dns,DoS,116,2,0,0,9.22E+18
175.45.176.1,149.171.126.18,514,udp,,Fuzzers,1914,2,0,0,9.22E+18
175.45.176.3,149.171.126.18,53,udp,dns,Generic,114,2,0,0,9.22E+18
175.45.176.3,149.171.126.15,111,udp,,Reconnaissance,168,2,0,0,9.22E+18
175.45.176.2,149.171.126.17,111,udp,,Reconnaissance,168,2,0,0,9.22E+18
175.45.176.3,149.171.126.18,111,udp,,Reconnaissance,168,2,0,0,9.22E+18
175.45.176.0,149.171.126.10,520,udp,,Fuzzers,104,2,0,0,9.22E+18
175.45.176.3,149.171.126.13,520,udp,,Fuzzers,1064,2,0,0,9.22E+18
175.45.176.0,149.171.126.16,445,tcp,"gssapi,smb",Fuzzers,5142,14,812,10,81.2
175.45.176.3,149.171.126.19,49938,tcp,,Shellcode,540,10,336,8,42
175.45.176.2,149.171.126.12,80,tcp,http,Exploits,944,10,4610,10,461
175.45.176.1,149.171.126.17,80,tcp,http,Reconnaissance,1174,10,336,8,42
175.45.176.1,149.171.126.11,111,tcp,,Reconnaissance,552,10,336,8,42
175.45.176.0,149.171.126.15,179,tcp,,Fuzzers,8842,14,336,8,42
175.45.176.3,149.171.126.13,80,tcp,http,Generic,1212,10,15256,16,953.5
175.45.176.3,149.171.126.14,445,tcp,"gssapi,smb",Fuzzers,1046,12,832,10,83.2
175.45.176.1,149.171.126.13,80,tcp,http,Fuzzers,51082,46,496,12,41.33333333
175.45.176.2,149.171.126.16,60158,tcp,ftp-data,Exploits,352,8,1844,8,230.5
175.45.176.3,149.171.126.16,80,tcp,http,Exploits,774,10,1080,8,135
175.45.176.1,149.171.126.12,3306,tcp,mysql,Exploits,596,10,634,10,63.4
175.45.176.0,149.171.126.19,80,tcp,http,Exploits,1058,10,1132,8,141.5
175.45.176.1,149.171.126.10,80,tcp,http,Exploits,802,10,5540,10,554
175.45.176.1,149.171.126.15,80,tcp,http,Exploits,1074,10,1142,10,114.2
175.45.176.1,149.171.126.10,80,tcp,http,Generic,1738,12,2134,10,213.4
175.45.176.1,149.171.126.16,80,tcp,http,Exploits,796,10,3182,8,397.75
175.45.176.0,149.171.126.16,5060,tcp,,Exploits,3598,12,256,6,42.66666667
175.45.176.0,149.171.126.18,179,tcp,,Fuzzers,518,10,256,6,42.66666667
175.45.176.3,149.171.126.16,80,tcp,http,Exploits,1882,14,25774,28,920.5
175.45.176.2,149.171.126.14,111,tcp,,Reconnaissance,552,10,336,8,42
175.45.176.2,149.171.126.12,80,tcp,http,Reconnaissance,848,10,336,8,42
175.45.176.2,149.171.126.12,80,tcp,http,Generic,1112,10,10308,14,736.2857143
175.45.176.2,149.171.126.19,110,tcp,pop3,Exploits,940,20,3560,20,178
175.45.176.3,149.171.126.11,80,tcp,http,Exploits,832,10,256,6,42.66666667
175.45.176.0,149.171.126.12,25,tcp,smtp,Exploits,7008,22,1770,20,88.5
175.45.176.3,149.171.126.15,80,tcp,http,Exploits,790,10,4692,12,391
175.45.176.3,149.171.126.17,179,tcp,,Fuzzers,762,14,624,12,52
175.45.176.3,149.171.126.10,25,tcp,smtp,Exploits,12568,26,1816,20,90.8
175.45.176.0,149.171.126.13,111,tcp,,Reconnaissance,552,10,336,8,42
175.45.176.3,149.171.126.13,80,tcp,http,Exploits,798,10,1328,8,166
175.45.176.0,149.171.126.10,80,tcp,http,Fuzzers,3642,12,256,6,42.66666667
175.45.176.2,149.171.126.16,179,tcp,,Fuzzers,522,10,256,6,42.66666667
175.45.176.1,149.171.126.10,25,tcp,smtp,Exploits,4428,22,1728,22,78.54545455
175.45.176.3,149.171.126.18,80,tcp,http,Generic,1756,10,1058,10,105.8
175.45.176.0,149.171.126.18,80,tcp,http,Exploits,954,10,1014,8,126.75
175.45.176.2,149.171.126.10,111,tcp,,Reconnaissance,552,10,336,8,42
175.45.176.0,149.171.126.16,110,tcp,pop3,Exploits,960,20,10416,26,400.6153846
175.45.176.0,149.171.126.10,80,tcp,http,Reconnaissance,874,10,336,8,42
175.45.176.1,149.171.126.11,80,tcp,http,Exploits,1210,10,1418,10,141.8
175.45.176.1,149.171.126.11,80,tcp,http,Exploits,17470,20,336,8,42
175.45.176.3,149.171.126.14,80,tcp,,Fuzzers,68182,60,576,14,41.14285714
175.45.176.1,149.171.126.15,80,tcp,http,Reconnaissance,802,10,256,6,42.66666667
175.45.176.0,149.171.126.10,80,tcp,http,Exploits,570,10,336,8,42
175.45.176.0,149.171.126.11,445,tcp,"gssapi,smb",Fuzzers,1098,12,824,10,82.4
175.45.176.3,149.171.126.10,21,tcp,ftp,Exploits,1232,24,1596,22,72.54545455
175.45.176.1,149.171.126.10,10202,tcp,,Generic,1512,10,386,8,48.25
175.45.176.1,149.171.126.14,179,tcp,,Fuzzers,1408,14,666,12,55.5
175.45.176.3,149.171.126.10,80,tcp,,Fuzzers,68162,60,576,14,41.14285714
175.45.176.0,149.171.126.16,80,tcp,http,Exploits,1042,10,256,6,42.66666667
175.45.176.0,149.171.126.18,80,tcp,http,Exploits,2890,10,336,8,42
175.45.176.1,149.171.126.10,25,tcp,smtp,Exploits,15450,32,1952,22,88.72727273
175.45.176.0,149.171.126.10,80,tcp,http,Exploits,1070,10,336,8,42
175.45.176.3,149.171.126.18,5190,tcp,,Generic,3266,26,15268,32,477.125
175.45.176.3,149.171.126.14,143,tcp,,Exploits,1382,28,23006,42,547.7619048
175.45.176.0,149.171.126.13,38279,tcp,,Shellcode,614,10,256,6,42.66666667
175.45.176.1,149.171.126.19,110,tcp,,Exploits,2820,12,622,10,62.2
175.45.176.0,149.171.126.14,110,tcp,pop3,Exploits,1196,26,36672,44,833.4545455
175.45.176.3,149.171.126.10,53,udp,dns,Exploits,168,2,168,2,84
175.45.176.1,149.171.126.11,111,tcp,,Reconnaissance,552,10,336,8,42
175.45.176.1,149.171.126.18,80,tcp,http,Exploits,1324,12,2802,10,280.2
175.45.176.0,149.171.126.12,80,tcp,http,DoS,806,10,2606,8,325.75
175.45.176.0,149.171.126.11,111,tcp,,Reconnaissance,552,10,336,8,42
175.45.176.3,149.171.126.18,80,tcp,http,Exploits,1010,10,1040,8,130
175.45.176.3,149.171.126.11,80,tcp,http,Analysis,810,10,1054,8,131.75
175.45.176.2,149.171.126.13,1100,tcp,,Exploits,12964,18,336,8,42
175.45.176.3,149.171.126.15,80,tcp,http,Exploits,820,10,2594,8,324.25
175.45.176.1,149.171.126.13,18605,tcp,,Backdoors,352,8,512,8,64
175.45.176.0,149.171.126.12,80,tcp,http,DoS,21910,24,416,10,41.6
175.45.176.0,149.171.126.10,80,tcp,http,Exploits,1176,10,336,8,42
175.45.176.0,149.171.126.19,1723,tcp,,Fuzzers,2504,10,256,6,42.66666667
175.45.176.1,149.171.126.12,80,tcp,http,Reconnaissance,932,10,256,6,42.66666667
175.45.176.3,149.171.126.19,80,tcp,http,Exploits,1170,10,256,6,42.66666667
175.45.176.0,149.171.126.15,80,tcp,http,Exploits,890,10,6484,12,540.3333333
175.45.176.3,149.171.126.11,111,tcp,,Reconnaissance,552,10,336,8,42
175.45.176.3,149.171.126.18,110,tcp,pop3,Exploits,3450,82,564350,446,1265.358744
175.45.176.2,149.171.126.19,80,tcp,http,DoS,904,10,1630,10,163
175.45.176.2,149.171.126.14,110,tcp,pop3,Exploits,1124,24,48492,52,932.5384615
175.45.176.1,149.171.126.19,2140,udp,,Backdoors,60,2,124,2,62
175.45.176.1,149.171.126.11,80,tcp,http,Generic,1114,10,1496,8,187
175.45.176.2,149.171.126.14,445,tcp,"gssapi,smb",Fuzzers,1048,12,716,8,89.5
175.45.176.3,149.171.126.13,179,tcp,,Fuzzers,522,10,336,8,42
175.45.176.0,149.171.126.14,179,tcp,,Fuzzers,546,10,336,8,42
175.45.176.1,149.171.126.10,143,tcp,,Exploits,1004,18,6928,20,346.4
175.45.176.1,149.171.126.19,80,tcp,http,Exploits,1318,12,7052,14,503.7142857
175.45.176.1,149.171.126.19,143,tcp,,Exploits,1086,20,19696,30,656.5333333
175.45.176.2,149.171.126.13,445,tcp,smb,Fuzzers,149778,120,896,22,40.72727273
175.45.176.3,149.171.126.15,179,tcp,,Fuzzers,892,16,544,10,54.4
175.45.176.3,149.171.126.16,80,tcp,http,Exploits,838,12,19910,20,995.5
175.45.176.2,149.171.126.15,80,tcp,http,Exploits,830,10,4564,12,380.3333333
175.45.176.2,149.171.126.12,135,tcp,,Fuzzers,576,10,256,6,42.66666667
175.45.176.1,149.171.126.12,179,tcp,,Fuzzers,1080,14,666,12,55.5
175.45.176.2,149.171.126.10,80,tcp,http,DoS,806,10,1736,8,217
175.45.176.0,149.171.126.13,25,tcp,smtp,Exploits,5034,22,1768,20,88.4
175.45.176.2,149.171.126.17,110,tcp,pop3,Exploits,930,20,3864,22,175.6363636
175.45.176.1,149.171.126.18,445,tcp,"gssapi,smb",Fuzzers,3014,12,720,8,90
175.45.176.1,149.171.126.11,1723,tcp,,Fuzzers,808,10,336,8,42
175.45.176.2,149.171.126.15,25,tcp,smtp,Exploits,214288,180,2530,42,60.23809524
175.45.176.2,149.171.126.12,8300,tcp,,Exploits,1146,10,5670,12,472.5
175.45.176.3,149.171.126.11,111,tcp,,Reconnaissance,552,10,336,8,42
175.45.176.1,149.171.126.10,1500,tcp,,Generic,1838,12,898,10,89.8
175.45.176.0,149.171.126.12,179,tcp,,Fuzzers,522,10,256,6,42.66666667
175.45.176.1,149.171.126.13,111,tcp,,Reconnaissance,552,10,336,8,42
175.45.176.0,149.171.126.18,53,tcp,dns,DoS,506,10,694,10,69.4
175.45.176.2,149.171.126.13,135,tcp,,Fuzzers,576,10,256,6,42.66666667
175.45.176.1,149.171.126.14,23,tcp,,Reconnaissance,434,10,502,8,62.75
175.45.176.3,149.171.126.17,1094,tcp,dce_rpc,Exploits,848,12,456,8,57
175.45.176.0,149.171.126.12,179,tcp,,Fuzzers,1102,10,256,6,42.66666667
175.45.176.1,149.171.126.14,3306,tcp,mysql,Exploits,596,10,634,10,63.4
175.45.176.0,149.171.126.13,80,tcp,http,Exploits,812,10,5998,10,599.8
175.45.176.1,149.171.126.10,25,tcp,smtp,Exploits,432556,340,3766,68,55.38235294
175.45.176.3,149.171.126.12,1723,tcp,,Fuzzers,1064,10,256,6,42.66666667
175.45.176.2,149.171.126.12,445,tcp,"gssapi,smb",Fuzzers,996,12,764,10,76.4
175.45.176.0,149.171.126.13,25,tcp,smtp,Exploits,17280,32,1892,20,94.6
175.45.176.2,149.171.126.10,179,tcp,,Fuzzers,522,10,256,6,42.66666667
175.45.176.1,149.171.126.17,25,tcp,smtp,Exploits,10050,26,1746,20,87.3
175.45.176.0,149.171.126.13,25,tcp,smtp,Exploits,10394,28,1756,20,87.8
175.45.176.2,149.171.126.11,21,tcp,ftp,Exploits,1172,22,1640,22,74.54545455
175.45.176.0,149.171.126.11,80,tcp,http,Reconnaissance,930,10,256,6,42.66666667
175.45.176.1,149.171.126.12,80,tcp,http,Fuzzers,554,10,256,6,42.66666667
175.45.176.3,149.171.126.14,179,tcp,,Fuzzers,762,14,544,10,54.4
175.45.176.1,149.171.126.14,80,tcp,http,Generic,1592,26,144736,114,1269.614035
175.45.176.3,149.171.126.18,80,tcp,http,Reconnaissance,766,10,336,8,42
175.45.176.3,149.171.126.18,143,tcp,imap,Generic,2714,14,1234,12,102.8333333
175.45.176.1,149.171.126.16,53,tcp,dns,Reconnaissance,528,10,256,6,42.66666667
175.45.176.0,149.171.126.10,80,tcp,http,Reconnaissance,868,10,256,6,42.66666667
175.45.176.0,149.171.126.13,80,tcp,http,Exploits,882,12,26820,24,1117.5
175.45.176.2,149.171.126.14,179,tcp,,Fuzzers,706,10,256,6,42.66666667
175.45.176.1,149.171.126.11,80,tcp,http,Exploits,946,10,1026,10,102.6
175.45.176.1,149.171.126.18,143,tcp,,Exploits,1886,40,164332,144,1141.194444
175.45.176.2,149.171.126.14,80,tcp,http,Exploits,796,10,1388,8,173.5
175.45.176.0,149.171.126.13,5900,tcp,,DoS,538,12,580,12,48.33333333
175.45.176.3,149.171.126.18,80,tcp,http,Exploits,1084,10,336,8,42
175.45.176.3,149.171.126.17,25,tcp,smtp,Exploits,58482,64,1848,26,71.07692308
175.45.176.2,149.171.126.14,80,tcp,http,DoS,758,10,1240,10,124
175.45.176.0,149.171.126.16,110,tcp,pop3,Exploits,972,20,6868,24,286.1666667
175.45.176.1,149.171.126.13,59577,tcp,ftp-data,Exploits,352,8,668,8,83.5
175.45.176.3,149.171.126.14,135,tcp,,Fuzzers,576,10,256,6,42.66666667
175.45.176.2,149.171.126.14,445,tcp,"gssapi,ntlm,smb",Fuzzers,1596,12,738,8,92.25
175.45.176.3,149.171.126.10,179,tcp,,Fuzzers,1002,10,256,6,42.66666667
175.45.176.2,149.171.126.19,5190,tcp,,Generic,3044,24,13840,26,532.3076923
175.45.176.3,149.171.126.14,5053,tcp,,Generic,970,10,336,8,42
175.45.176.1,149.171.126.17,389,tcp,,Generic,1650,14,22828,24,951.1666667
175.45.176.0,149.171.126.12,1723,tcp,,Fuzzers,744,10,256,6,42.66666667
175.45.176.2,149.171.126.15,80,tcp,http,DoS,804,10,1396,8,174.5
175.45.176.0,149.171.126.11,445,tcp,"gssapi,smb",Fuzzers,966,12,794,10,79.4
175.45.176.0,149.171.126.12,445,tcp,,DoS,728,10,256,6,42.66666667
175.45.176.2,149.171.126.14,179,tcp,,Fuzzers,26968,32,624,12,52
175.45.176.1,149.171.126.15,389,tcp,,Generic,460,10,336,8,42
175.45.176.0,149.171.126.12,80,tcp,http,Reconnaissance,770,10,256,6,42.66666667
175.45.176.1,149.171.126.18,80,tcp,http,Exploits,814,10,256,6,42.66666667
175.45.176.3,149.171.126.11,8080,tcp,http,Exploits,4502,14,336,8,42
175.45.176.2,149.171.126.11,179,tcp,,Fuzzers,898,10,256,6,42.66666667
175.45.176.0,149.171.126.14,25,tcp,smtp,Exploits,20844,34,1846,24,76.91666667
175.45.176.2,149.171.126.12,111,tcp,,Reconnaissance,552,10,336,8,42
175.45.176.2,149.171.126.14,80,tcp,,Fuzzers,68166,60,656,16,41
175.45.176.0,149.171.126.18,80,tcp,http,Generic,1198,10,3242,8,405.25
175.45.176.0,149.171.126.15,179,tcp,,Fuzzers,472,10,336,8,42
175.45.176.0,149.171.126.19,80,tcp,http,Reconnaissance,886,10,256,6,42.66666667
175.45.176.3,149.171.126.15,80,tcp,http,Exploits,1070,10,336,8,42
175.45.176.1,149.171.126.19,143,tcp,,Exploits,988,18,4226,20,211.3
175.45.176.0,149.171.126.12,179,tcp,,Fuzzers,706,10,256,6,42.66666667
175.45.176.0,149.171.126.10,110,tcp,pop3,Exploits,1032,22,11934,28,426.2142857
175.45.176.2,149.171.126.11,179,tcp,,Fuzzers,514,10,256,6,42.66666667
175.45.176.2,149.171.126.13,1723,tcp,,Fuzzers,1896,10,256,6,42.66666667
175.45.176.3,149.171.126.19,2103,tcp,dce_rpc,Exploits,1448,12,456,8,57
175.45.176.0,149.171.126.19,135,tcp,,Fuzzers,1600,10,336,8,42
175.45.176.3,149.171.126.13,25,tcp,smtp,Exploits,2766,22,1628,20,81.4
175.45.176.0,149.171.126.18,445,tcp,"gssapi,smb",Fuzzers,1098,12,814,10,81.4
175.45.176.0,149.171.126.18,143,tcp,,Exploits,1230,24,71948,72,999.2777778
175.45.176.0,149.171.126.11,1723,tcp,,Fuzzers,744,10,256,6,42.66666667
175.45.176.2,149.171.126.16,179,tcp,,Fuzzers,136044,118,1184,26,45.53846154
175.45.176.2,149.171.126.11,25,tcp,smtp,Generic,8110,24,1658,20,82.9
175.45.176.3,149.171.126.19,111,tcp,,Reconnaissance,552,10,336,8,42
175.45.176.3,149.171.126.18,445,tcp,,Fuzzers,578,10,336,8,42
175.45.176.2,149.171.126.11,80,tcp,http,Exploits,1030,10,256,6,42.66666667
175.45.176.0,149.171.126.18,80,tcp,http,Exploits,840,10,2590,10,259
175.45.176.3,149.171.126.19,445,tcp,gssapi,Fuzzers,1120,12,696,8,87
175.45.176.1,149.171.126.14,80,tcp,http,Exploits,1016,12,994,8,124.25
175.45.176.1,149.171.126.15,111,tcp,,Reconnaissance,552,10,336,8,42
175.45.176.0,149.171.126.19,1723,tcp,,Fuzzers,2504,10,256,6,42.66666667
175.45.176.0,149.171.126.11,6988,tcp,,Exploits,2144,10,256,6,42.66666667
175.45.176.0,149.171.126.17,25,tcp,smtp,Exploits,41058,48,1872,24,78
175.45.176.0,149.171.126.12,445,tcp,"gssapi,ntlm,smb",DoS,2068,16,1734,12,144.5
175.45.176.2,149.171.126.16,17417,tcp,,Shellcode,708,10,256,6,42.66666667
175.45.176.1,149.171.126.18,25,tcp,smtp,Exploits,93934,90,2036,30,67.86666667
175.45.176.1,149.171.126.14,111,tcp,,Reconnaissance,552,10,336,8,42
175.45.176.2,149.171.126.13,3306,tcp,mysql,Exploits,596,10,634,10,63.4
175.45.176.3,149.171.126.18,110,tcp,pop3,Exploits,1172,26,63248,64,988.25
175.45.176.0,149.171.126.14,143,tcp,,Exploits,1094,20,31366,38,825.4210526
175.45.176.0,149.171.126.14,110,tcp,pop3,Exploits,1096,24,41018,48,854.5416667
175.45.176.1,149.171.126.18,445,tcp,"gssapi,smb",Fuzzers,1094,12,800,10,80
175.45.176.2,149.171.126.14,80,tcp,http,Exploits,896,12,28200,26,1084.615385
175.45.176.2,149.171.126.12,69,udp,,Exploits,1104,2,0,0,9.22E+18
175.45.176.0,149.171.126.13,5600,udp,,Fuzzers,2976,2,0,0,9.22E+18
175.45.176.0,149.171.126.13,520,udp,,Fuzzers,1064,2,0,0,9.22E+18
175.45.176.2,149.171.126.12,520,udp,,Fuzzers,104,2,0,0,9.22E+18
175.45.176.3,149.171.126.13,111,udp,,Reconnaissance,168,2,0,0,9.22E+18
175.45.176.2,149.171.126.12,111,udp,,Reconnaissance,168,2,0,0,9.22E+18
175.45.176.1,149.171.126.16,520,udp,,Fuzzers,424,2,0,0,9.22E+18
175.45.176.3,149.171.126.16,111,udp,,Reconnaissance,168,2,0,0,9.22E+18
175.45.176.1,149.171.126.17,111,udp,,Reconnaissance,168,2,0,0,9.22E+18
175.45.176.2,149.171.126.19,111,udp,,Reconnaissance,168,2,0,0,9.22E+18
175.45.176.2,149.171.126.16,520,udp,,Fuzzers,1064,2,0,0,9.22E+18
175.45.176.0,149.171.126.13,69,udp,,Generic,2122,2,0,0,9.22E+18
175.45.176.3,149.171.126.10,44970,udp,,Shellcode,690,2,0,0,9.22E+18
175.45.176.3,149.171.126.11,514,udp,,Fuzzers,968,2,0,0,9.22E+18
175.45.176.1,149.171.126.17,520,udp,,Fuzzers,1064,2,0,0,9.22E+18
175.45.176.2,149.171.126.18,5060,udp,,Generic,1518,2,0,0,9.22E+18
175.45.176.1,149.171.126.18,514,udp,,Fuzzers,558,2,0,0,9.22E+18
175.45.176.0,149.171.126.13,111,udp,,Reconnaissance,168,2,0,0,9.22E+18
175.45.176.0,149.171.126.18,111,udp,,Reconnaissance,168,2,0,0,9.22E+18
175.45.176.1,149.171.126.12,5060,udp,,Generic,1182,2,0,0,9.22E+18
175.45.176.2,149.171.126.13,111,udp,,Reconnaissance,168,2,0,0,9.22E+18
175.45.176.0,149.171.126.19,5060,udp,,Generic,1326,2,0,0,9.22E+18
175.45.176.2,149.171.126.16,514,udp,,Fuzzers,982,2,0,0,9.22E+18
175.45.176.1,149.171.126.14,514,udp,,Fuzzers,146,2,0,0,9.22E+18
175.45.176.3,149.171.126.16,111,udp,,Reconnaissance,168,2,0,0,9.22E+18
175.45.176.0,149.171.126.19,111,udp,,Reconnaissance,168,2,0,0,9.22E+18
175.45.176.1,149.171.126.14,88,udp,krb,DoS,612,2,0,0,9.22E+18
175.45.176.2,149.171.126.19,514,udp,,Fuzzers,1890,2,0,0,9.22E+18
175.45.176.3,149.171.126.16,53,udp,dns,Generic,118,2,0,0,9.22E+18
175.45.176.0,149.171.126.15,111,udp,,Reconnaissance,168,2,0,0,9.22E+18
175.45.176.3,149.171.126.15,520,udp,,Fuzzers,104,2,0,0,9.22E+18
175.45.176.0,149.171.126.15,520,udp,,Fuzzers,104,2,0,0,9.22E+18
175.45.176.2,149.171.126.14,514,udp,,Fuzzers,1084,2,0,0,9.22E+18
175.45.176.0,149.171.126.14,514,udp,,Fuzzers,2054,2,0,0,9.22E+18
175.45.176.2,149.171.126.16,111,udp,,Reconnaissance,168,2,0,0,9.22E+18
175.45.176.3,149.171.126.14,514,udp,,Fuzzers,1780,2,0,0,9.22E+18
175.45.176.3,149.171.126.13,161,udp,,DoS,422,2,0,0,9.22E+18
175.45.176.1,149.171.126.18,111,udp,,Reconnaissance,168,2,0,0,9.22E+18
175.45.176.3,149.171.126.18,111,udp,,Reconnaissance,168,2,0,0,9.22E+18
175.45.176.3,149.171.126.11,520,udp,,Fuzzers,64,2,0,0,9.22E+18
175.45.176.2,149.171.126.19,514,udp,,Fuzzers,172,2,0,0,9.22E+18
175.45.176.2,149.171.126.16,111,udp,,Reconnaissance,168,2,0,0,9.22E+18
175.45.176.1,149.171.126.18,520,udp,,Fuzzers,104,2,0,0,9.22E+18
175.45.176.3,149.171.126.19,16898,udp,,Shellcode,740,2,0,0,9.22E+18
175.45.176.2,149.171.126.18,111,udp,,Reconnaissance,168,2,0,0,9.22E+18
